snapshot_date,ticker,holding_name,target_weight,quantity,currency,price_native,fx_to_usd,price_usd,price_date,market_value_usd,cost_basis_usd,pnl_usd,return_pct,source,updated_at_utc
2026-05-22,000660.KS,SK Hynix,8.0,0.0625538166478737,KRW,1940000.0,0.0006591827325023,1278.8145010545154,2026-05-21,79.99472782560626,80.0,-0.0052721743937382,-0.0065902179921728,yfinance,2026-05-22T18:15:25Z
2026-05-22,AVGO,Broadcom,10.0,0.2417444256507892,USD,412.7999877929687,1.0,412.7999877929687,2026-05-22,99.79209595766405,100.0,-0.2079040423359544,-0.2079040423359544,yfinance,2026-05-22T18:15:25Z
2026-05-22,CASH,Cash,10.0,100.0,USD,1.0,1.0,1.0,2026-05-22,100.0,100.0,0.0,0.0,cash,2026-05-22T18:15:25Z
2026-05-22,CEG,Constellation Energy,5.0,0.1687260186663456,USD,293.95001220703125,1.0,293.95001220703125,2026-05-22,49.59701524661609,50.0,-0.4029847533839117,-0.8059695067678235,yfinance,2026-05-22T18:15:25Z
2026-05-22,GOOGL,Alphabet,15.0,0.3891454452478011,USD,384.5700073242187,1.0,384.5700073242187,2026-05-22,149.65366672913325,150.0,-0.3463332708667508,-0.2308888472445005,yfinance,2026-05-22T18:15:25Z
2026-05-22,MCO,Moody's,2.0,0.0444681598313336,USD,450.4800109863281,1.0,450.4800109863281,2026-05-22,20.032017129360984,20.0,0.0320171293609838,0.1600856468049194,yfinance,2026-05-22T18:15:25Z
2026-05-22,MSCI,MSCI,2.0,0.0339052007771873,USD,590.02001953125,1.0,590.02001953125,2026-05-22,20.004747224767023,20.0,0.0047472247670228,0.0237361238351141,yfinance,2026-05-22T18:15:25Z
2026-05-22,MSFT,Microsoft,18.0,0.4293689203419845,USD,417.93499755859375,1.0,417.93499755859375,2026-05-22,179.4482986748633,180.0,-0.5517013251366905,-0.3065007361870502,yfinance,2026-05-22T18:15:25Z
2026-05-22,NVDA,NVIDIA,7.0,0.323166358553396,USD,216.2350006103516,1.0,216.2350006103516,2026-05-22,69.87987773903869,70.0,-0.1201222609613097,-0.1716032299447282,yfinance,2026-05-22T18:15:25Z
2026-05-22,SPGI,S&P Global,2.0,0.047848035759865,USD,419.2449951171875,1.0,419.2449951171875,2026-05-22,20.06004951851162,20.0,0.0600495185116187,0.3002475925580938,yfinance,2026-05-22T18:15:25Z
2026-05-22,TER,Teradyne,7.0,0.1958589848780872,USD,357.760009765625,1.0,357.760009765625,2026-05-22,70.07051234266989,70.0,0.0705123426698861,0.1007319180998373,yfinance,2026-05-22T18:15:25Z
2026-05-22,TSM,TSMC,7.0,0.1719669363096472,USD,406.4150085449219,1.0,406.4150085449219,2026-05-22,69.88994388972932,70.0,-0.1100561102706763,-0.1572230146723947,yfinance,2026-05-22T18:15:25Z
2026-05-22,VEEV,Veeva Systems,2.0,0.1251407776463619,USD,159.82000732421875,1.0,159.82000732421875,2026-05-22,20.0,20.0,0.0,0.0,yfinance,2026-05-22T18:15:25Z
2026-05-22,VRT,Vertiv,5.0,0.1522672617580549,USD,329.54998779296875,1.0,329.54998779296875,2026-05-22,50.179674253635774,50.0,0.179674253635774,0.3593485072715481,yfinance,2026-05-22T18:15:25Z
2026-05-23,000660.KS,SK Hynix,8.0,0.0625538166478737,KRW,1941000.0,0.0006576654066229,1276.5285542552283,2026-05-22,79.85173312865687,80.0,-0.1482668713431252,-0.1853335891789065,yfinance,2026-05-23T19:51:24Z
2026-05-23,AVGO,Broadcom,10.0,0.2417444256507892,USD,414.1400146484375,1.0,414.1400146484375,2026-05-22,100.11603998019596,100.0,0.1160399801959641,0.1160399801959641,yfinance,2026-05-23T19:51:24Z
2026-05-23,CASH,Cash,10.0,100.0,USD,1.0,1.0,1.0,2026-05-23,100.0,100.0,0.0,0.0,cash,2026-05-23T19:51:24Z
2026-05-23,CEG,Constellation Energy,5.0,0.1687260186663456,USD,294.07000732421875,1.0,294.07000732421875,2026-05-22,49.61726154499853,50.0,-0.3827384550014656,-0.7654769100029313,yfinance,2026-05-23T19:51:24Z
2026-05-23,GOOGL,Alphabet,15.0,0.3891454452478011,USD,382.9700012207031,1.0,382.9700012207031,2026-05-22,149.03103164158148,150.0,-0.9689683584185218,-0.6459789056123478,yfinance,2026-05-23T19:51:24Z
2026-05-23,MCO,Moody's,2.0,0.0444681598313336,USD,449.1199951171875,1.0,449.1199951171875,2026-05-22,19.971539726318888,20.0,-0.0284602736811123,-0.1423013684055618,yfinance,2026-05-23T19:51:24Z
2026-05-23,MSCI,MSCI,2.0,0.0339052007771873,USD,588.5499877929688,1.0,588.5499877929688,2026-05-22,19.95490550353176,20.0,-0.0450944964682413,-0.2254724823412068,yfinance,2026-05-23T19:51:24Z
2026-05-23,MSFT,Microsoft,18.0,0.4293689203419845,USD,418.5700073242188,1.0,418.5700073242188,2026-05-22,179.72095213233635,180.0,-0.2790478676636496,-0.155026593146472,yfinance,2026-05-23T19:51:24Z
2026-05-23,NVDA,NVIDIA,7.0,0.323166358553396,USD,215.3300018310547,1.0,215.3300018310547,2026-05-22,69.58741257903804,70.0,-0.4125874209619553,-0.5894106013742219,yfinance,2026-05-23T19:51:24Z
2026-05-23,SPGI,S&P Global,2.0,0.047848035759865,USD,417.6000061035156,1.0,417.6000061035156,2026-05-22,19.98134002536086,20.0,-0.0186599746391387,-0.0932998731956935,yfinance,2026-05-23T19:51:24Z
2026-05-23,TER,Teradyne,7.0,0.1958589848780872,USD,358.44000244140625,1.0,358.44000244140625,2026-05-22,70.20369501787293,70.0,0.2036950178729313,0.2909928826756162,yfinance,2026-05-23T19:51:24Z
2026-05-23,TSM,TSMC,7.0,0.1719669363096472,USD,404.5199890136719,1.0,404.5199890136719,2026-05-22,69.56406318669332,70.0,-0.4359368133066823,-0.6227668761524033,yfinance,2026-05-23T19:51:24Z
2026-05-23,VEEV,Veeva Systems,2.0,0.1251407776463619,USD,160.1699981689453,1.0,160.1699981689453,2026-05-22,20.04379812647819,20.0,0.0437981264781903,0.2189906323909518,yfinance,2026-05-23T19:51:24Z
2026-05-23,VRT,Vertiv,5.0,0.1522672617580549,USD,327.4599914550781,1.0,327.4599914550781,2026-05-22,49.86143623418081,50.0,-0.1385637658191925,-0.277127531638385,yfinance,2026-05-23T19:51:24Z
2026-05-24,000660.KS,SK Hynix,8.0,0.0625538166478737,KRW,1941000.0,0.0006576654066229,1276.5285542552283,2026-05-22,79.85173312865687,80.0,-0.1482668713431252,-0.1853335891789065,yfinance,2026-05-24T14:32:57Z
2026-05-24,AVGO,Broadcom,10.0,0.2417444256507892,USD,414.1400146484375,1.0,414.1400146484375,2026-05-22,100.11603998019596,100.0,0.1160399801959641,0.1160399801959641,yfinance,2026-05-24T14:32:57Z
2026-05-24,CASH,Cash,10.0,100.0,USD,1.0,1.0,1.0,2026-05-24,100.0,100.0,0.0,0.0,cash,2026-05-24T14:32:57Z
2026-05-24,CEG,Constellation Energy,5.0,0.1687260186663456,USD,294.07000732421875,1.0,294.07000732421875,2026-05-22,49.61726154499853,50.0,-0.3827384550014656,-0.7654769100029313,yfinance,2026-05-24T14:32:57Z
2026-05-24,GOOGL,Alphabet,15.0,0.3891454452478011,USD,382.9700012207031,1.0,382.9700012207031,2026-05-22,149.03103164158148,150.0,-0.9689683584185218,-0.6459789056123478,yfinance,2026-05-24T14:32:57Z
2026-05-24,MCO,Moody's,2.0,0.0444681598313336,USD,449.1199951171875,1.0,449.1199951171875,2026-05-22,19.971539726318888,20.0,-0.0284602736811123,-0.1423013684055618,yfinance,2026-05-24T14:32:57Z
2026-05-24,MSCI,MSCI,2.0,0.0339052007771873,USD,588.5499877929688,1.0,588.5499877929688,2026-05-22,19.95490550353176,20.0,-0.0450944964682413,-0.2254724823412068,yfinance,2026-05-24T14:32:57Z
2026-05-24,MSFT,Microsoft,18.0,0.4293689203419845,USD,418.5700073242188,1.0,418.5700073242188,2026-05-22,179.72095213233635,180.0,-0.2790478676636496,-0.155026593146472,yfinance,2026-05-24T14:32:57Z
2026-05-24,NVDA,NVIDIA,7.0,0.323166358553396,USD,215.3300018310547,1.0,215.3300018310547,2026-05-22,69.58741257903804,70.0,-0.4125874209619553,-0.5894106013742219,yfinance,2026-05-24T14:32:57Z
2026-05-24,SPGI,S&P Global,2.0,0.047848035759865,USD,417.6000061035156,1.0,417.6000061035156,2026-05-22,19.98134002536086,20.0,-0.0186599746391387,-0.0932998731956935,yfinance,2026-05-24T14:32:57Z
2026-05-24,TER,Teradyne,7.0,0.1958589848780872,USD,358.44000244140625,1.0,358.44000244140625,2026-05-22,70.20369501787293,70.0,0.2036950178729313,0.2909928826756162,yfinance,2026-05-24T14:32:57Z
2026-05-24,TSM,TSMC,7.0,0.1719669363096472,USD,404.5199890136719,1.0,404.5199890136719,2026-05-22,69.56406318669332,70.0,-0.4359368133066823,-0.6227668761524033,yfinance,2026-05-24T14:32:57Z
2026-05-24,VEEV,Veeva Systems,2.0,0.1251407776463619,USD,160.1699981689453,1.0,160.1699981689453,2026-05-22,20.04379812647819,20.0,0.0437981264781903,0.2189906323909518,yfinance,2026-05-24T14:32:57Z
2026-05-24,VRT,Vertiv,5.0,0.1522672617580549,USD,327.4599914550781,1.0,327.4599914550781,2026-05-22,49.86143623418081,50.0,-0.1385637658191925,-0.277127531638385,yfinance,2026-05-24T14:32:57Z
2026-05-25,000660.KS,SK Hynix,8.0,0.0625538166478737,KRW,1941000.0,0.0006612007298713,1283.3906166802574,2026-05-22,80.28098132341839,80.0,0.2809813234183878,0.3512266542729847,yfinance,2026-05-25T15:05:13Z
2026-05-25,AVGO,Broadcom,10.0,0.2417444256507892,USD,414.1400146484375,1.0,414.1400146484375,2026-05-22,100.11603998019596,100.0,0.1160399801959641,0.1160399801959641,yfinance,2026-05-25T15:05:13Z
2026-05-25,CASH,Cash,10.0,100.0,USD,1.0,1.0,1.0,2026-05-25,100.0,100.0,0.0,0.0,cash,2026-05-25T15:05:13Z
2026-05-25,CEG,Constellation Energy,5.0,0.1687260186663456,USD,294.07000732421875,1.0,294.07000732421875,2026-05-22,49.61726154499853,50.0,-0.3827384550014656,-0.7654769100029313,yfinance,2026-05-25T15:05:13Z
2026-05-25,GOOGL,Alphabet,15.0,0.3891454452478011,USD,382.9700012207031,1.0,382.9700012207031,2026-05-22,149.03103164158148,150.0,-0.9689683584185218,-0.6459789056123478,yfinance,2026-05-25T15:05:13Z
2026-05-25,MCO,Moody's,2.0,0.0444681598313336,USD,449.1199951171875,1.0,449.1199951171875,2026-05-22,19.971539726318888,20.0,-0.0284602736811123,-0.1423013684055618,yfinance,2026-05-25T15:05:13Z
2026-05-25,MSCI,MSCI,2.0,0.0339052007771873,USD,588.5499877929688,1.0,588.5499877929688,2026-05-22,19.95490550353176,20.0,-0.0450944964682413,-0.2254724823412068,yfinance,2026-05-25T15:05:13Z
2026-05-25,MSFT,Microsoft,18.0,0.4293689203419845,USD,418.5700073242188,1.0,418.5700073242188,2026-05-22,179.72095213233635,180.0,-0.2790478676636496,-0.155026593146472,yfinance,2026-05-25T15:05:13Z
2026-05-25,NVDA,NVIDIA,7.0,0.323166358553396,USD,215.3300018310547,1.0,215.3300018310547,2026-05-22,69.58741257903804,70.0,-0.4125874209619553,-0.5894106013742219,yfinance,2026-05-25T15:05:13Z
2026-05-25,SPGI,S&P Global,2.0,0.047848035759865,USD,417.6000061035156,1.0,417.6000061035156,2026-05-22,19.98134002536086,20.0,-0.0186599746391387,-0.0932998731956935,yfinance,2026-05-25T15:05:13Z
2026-05-25,TER,Teradyne,7.0,0.1958589848780872,USD,358.44000244140625,1.0,358.44000244140625,2026-05-22,70.20369501787293,70.0,0.2036950178729313,0.2909928826756162,yfinance,2026-05-25T15:05:13Z
2026-05-25,TSM,TSMC,7.0,0.1719669363096472,USD,404.5199890136719,1.0,404.5199890136719,2026-05-22,69.56406318669332,70.0,-0.4359368133066823,-0.6227668761524033,yfinance,2026-05-25T15:05:13Z
2026-05-25,VEEV,Veeva Systems,2.0,0.1251407776463619,USD,160.1699981689453,1.0,160.1699981689453,2026-05-22,20.04379812647819,20.0,0.0437981264781903,0.2189906323909518,yfinance,2026-05-25T15:05:13Z
2026-05-25,VRT,Vertiv,5.0,0.1522672617580549,USD,327.4599914550781,1.0,327.4599914550781,2026-05-22,49.86143623418081,50.0,-0.1385637658191925,-0.277127531638385,yfinance,2026-05-25T15:05:13Z
2026-05-26,000660.KS,SK Hynix,8.0,0.0625538166478737,KRW,1941000.0,0.0006645048088587,1289.8038339948234,2026-05-22,80.68215254343673,80.0,0.6821525434367288,0.852690679295911,yfinance,2026-05-26T15:05:24Z
2026-05-26,AVGO,Broadcom,10.0,0.2417444256507892,USD,429.0499877929688,1.0,429.0499877929688,2026-05-26,103.72044287448936,100.0,3.7204428744893647,3.720442874489364,yfinance,2026-05-26T15:05:24Z
2026-05-26,CASH,Cash,10.0,100.0,USD,1.0,1.0,1.0,2026-05-26,100.0,100.0,0.0,0.0,cash,2026-05-26T15:05:24Z
2026-05-26,CEG,Constellation Energy,5.0,0.1687260186663456,USD,307.0899963378906,1.0,307.0899963378906,2026-05-26,51.81407245435495,50.0,1.8140724543549496,3.628144908709898,yfinance,2026-05-26T15:05:24Z
2026-05-26,GOOGL,Alphabet,15.0,0.3891454452478011,USD,388.0899963378906,1.0,388.0899963378906,2026-05-26,151.02345442112596,150.0,1.0234544211259615,0.6823029474173078,yfinance,2026-05-26T15:05:24Z
2026-05-26,MCO,Moody's,2.0,0.0444681598313336,USD,449.5799865722656,1.0,449.5799865722656,2026-05-26,19.99199469986435,20.0,-0.0080053001356503,-0.0400265006782518,yfinance,2026-05-26T15:05:24Z
2026-05-26,MSCI,MSCI,2.0,0.0339052007771873,USD,585.1724853515625,1.0,585.1724853515625,2026-05-26,19.84039060513044,20.0,-0.1596093948695589,-0.7980469743477946,yfinance,2026-05-26T15:05:24Z
2026-05-26,MSFT,Microsoft,18.0,0.4293689203419845,USD,414.3800048828125,1.0,414.3800048828125,2026-05-26,177.92189530783946,180.0,-2.0781046921605366,-1.1545026067558537,yfinance,2026-05-26T15:05:24Z
2026-05-26,NVDA,NVIDIA,7.0,0.323166358553396,USD,214.80909729003903,1.0,214.80909729003903,2026-05-26,69.4190737553641,70.0,-0.5809262446359043,-0.829894635194149,yfinance,2026-05-26T15:05:24Z
2026-05-26,SPGI,S&P Global,2.0,0.047848035759865,USD,410.4400024414063,1.0,410.4400024414063,2026-05-26,19.63874791409549,20.0,-0.3612520859045141,-1.8062604295225704,yfinance,2026-05-26T15:05:24Z
2026-05-26,TER,Teradyne,7.0,0.1958589848780872,USD,384.1499938964844,1.0,384.1499938964844,2026-05-26,75.23922784548883,70.0,5.239227845488827,7.484611207841181,yfinance,2026-05-26T15:05:24Z
2026-05-26,TSM,TSMC,7.0,0.1719669363096472,USD,412.5299987792969,1.0,412.5299987792969,2026-05-26,70.9415200258982,70.0,0.9415200258981996,1.3450286084259997,yfinance,2026-05-26T15:05:24Z
2026-05-26,VEEV,Veeva Systems,2.0,0.1251407776463619,USD,158.7899932861328,1.0,158.7899932861328,2026-05-26,19.87110324228726,20.0,-0.1288967577127415,-0.6444837885637078,yfinance,2026-05-26T15:05:24Z
2026-05-26,VRT,Vertiv,5.0,0.1522672617580549,USD,337.1650085449219,1.0,337.1650085449219,2026-05-26,51.33919261176644,50.0,1.3391926117664426,2.678385223532885,yfinance,2026-05-26T15:05:24Z
2026-05-27,000660.KS,SK Hynix,8.0,0.0625538166478737,KRW,2052000.0,0.0006682839159185,1371.318595464953,2026-05-26,85.78121198653437,80.0,5.781211986534373,7.226514983167967,yfinance,2026-05-27T15:07:49Z
2026-05-27,AVGO,Broadcom,10.0,0.2417444256507892,USD,418.5249938964844,1.0,418.5249938964844,2026-05-27,101.17608427000567,100.0,1.1760842700056884,1.1760842700056884,yfinance,2026-05-27T15:07:49Z
2026-05-27,CASH,Cash,10.0,100.0,USD,1.0,1.0,1.0,2026-05-27,100.0,100.0,0.0,0.0,cash,2026-05-27T15:07:49Z
2026-05-27,CEG,Constellation Energy,5.0,0.1687260186663456,USD,288.875,1.0,288.875,2026-05-27,48.7407286422406,50.0,-1.2592713577594026,-2.518542715518805,yfinance,2026-05-27T15:07:49Z
2026-05-27,GOOGL,Alphabet,15.0,0.3891454452478011,USD,391.5799865722656,1.0,391.5799865722656,2026-05-27,152.3815682247923,150.0,2.3815682247922894,1.587712149861526,yfinance,2026-05-27T15:07:49Z
2026-05-27,MCO,Moody's,2.0,0.0444681598313336,USD,451.0050048828125,1.0,451.0050048828125,2026-05-27,20.055362641860324,20.0,0.0553626418603236,0.2768132093016184,yfinance,2026-05-27T15:07:49Z
2026-05-27,MSCI,MSCI,2.0,0.0339052007771873,USD,602.3400268554688,1.0,602.3400268554688,2026-05-27,20.42245954667108,20.0,0.4224595466710781,2.1122977333553905,yfinance,2026-05-27T15:07:49Z
2026-05-27,MSFT,Microsoft,18.0,0.4293689203419845,USD,414.3599853515625,1.0,414.3599853515625,2026-05-27,177.9132995433209,180.0,-2.0867004566790968,-1.159278031488387,yfinance,2026-05-27T15:07:49Z
2026-05-27,NVDA,NVIDIA,7.0,0.323166358553396,USD,209.2799072265625,1.0,209.2799072265625,2026-05-27,67.63222553680076,70.0,-2.36777446319924,-3.382534947427485,yfinance,2026-05-27T15:07:49Z
2026-05-27,SPGI,S&P Global,2.0,0.047848035759865,USD,414.1199951171875,1.0,414.1199951171875,2026-05-27,19.81482833524231,20.0,-0.1851716647576893,-0.9258583237884468,yfinance,2026-05-27T15:07:49Z
2026-05-27,TER,Teradyne,7.0,0.1958589848780872,USD,367.4450073242188,1.0,367.4450073242188,2026-05-27,71.96740613304281,70.0,1.9674061330428143,2.810580190061164,yfinance,2026-05-27T15:07:49Z
2026-05-27,TSM,TSMC,7.0,0.1719669363096472,USD,418.0,1.0,418.0,2026-05-27,71.88217937743255,70.0,1.88217937743255,2.6888276820465,yfinance,2026-05-27T15:07:49Z
2026-05-27,VEEV,Veeva Systems,2.0,0.1251407776463619,USD,161.69000244140625,1.0,161.69000244140625,2026-05-27,20.234012643159744,20.0,0.234012643159744,1.17006321579872,yfinance,2026-05-27T15:07:49Z
2026-05-27,VRT,Vertiv,5.0,0.1522672617580549,USD,317.8399963378906,1.0,317.8399963378906,2026-05-27,48.396625919560805,50.0,-1.6033740804391954,-3.2067481608783908,yfinance,2026-05-27T15:07:49Z
2026-05-28,000660.KS,SK Hynix,8.0,0.0625538166478737,KRW,2242625.0,0.000669048463953,1500.4248114728089,2026-05-27,93.85729855079056,80.0,13.85729855079056,17.3216231884882,yfinance,2026-05-28T15:11:08Z
2026-05-28,AVGO,Broadcom,10.0,0.2417444256507892,USD,423.0199890136719,1.0,423.0199890136719,2026-05-28,102.26272428291328,100.0,2.2627242829132825,2.2627242829132825,yfinance,2026-05-28T15:11:08Z
2026-05-28,CASH,Cash,10.0,100.0,USD,1.0,1.0,1.0,2026-05-28,100.0,100.0,0.0,0.0,cash,2026-05-28T15:11:08Z
2026-05-28,CEG,Constellation Energy,5.0,0.1687260186663456,USD,285.5299987792969,1.0,285.5299987792969,2026-05-28,48.176339903837295,50.0,-1.8236600961627047,-3.6473201923254095,yfinance,2026-05-28T15:11:08Z
2026-05-28,GOOGL,Alphabet,15.0,0.3891454452478011,USD,390.05999755859375,1.0,390.05999755859375,2026-05-28,151.7900714232952,150.0,1.7900714232951884,1.193380948863459,yfinance,2026-05-28T15:11:08Z
2026-05-28,MCO,Moody's,2.0,0.0444681598313336,USD,452.1799926757813,1.0,452.1799926757813,2026-05-28,20.10761218683793,20.0,0.107612186837926,0.5380609341896303,yfinance,2026-05-28T15:11:08Z
2026-05-28,MSCI,MSCI,2.0,0.0339052007771873,USD,606.3099975585938,1.0,606.3099975585938,2026-05-28,20.55706220044008,20.0,0.5570622004400825,2.7853110022004124,yfinance,2026-05-28T15:11:08Z
2026-05-28,MSFT,Microsoft,18.0,0.4293689203419845,USD,423.8299865722656,1.0,423.8299865722656,2026-05-28,181.97942374309147,180.0,1.9794237430914727,1.0996798572730409,yfinance,2026-05-28T15:11:08Z
2026-05-28,NVDA,NVIDIA,7.0,0.323166358553396,USD,212.42999267578125,1.0,212.42999267578125,2026-05-28,68.65022718055681,70.0,-1.3497728194431886,-1.9282468849188408,yfinance,2026-05-28T15:11:08Z
2026-05-28,SPGI,S&P Global,2.0,0.047848035759865,USD,419.4200134277344,1.0,419.4200134277344,2026-05-28,20.068423800893296,20.0,0.0684238008932958,0.342119004466479,yfinance,2026-05-28T15:11:08Z
2026-05-28,TER,Teradyne,7.0,0.1958589848780872,USD,380.3250122070313,1.0,380.3250122070313,2026-05-28,74.49007081461528,70.0,4.49007081461528,6.414386878021827,yfinance,2026-05-28T15:11:08Z
2026-05-28,TSM,TSMC,7.0,0.1719669363096472,USD,422.4100036621094,1.0,422.4100036621094,2026-05-28,72.64055419631983,70.0,2.640554196319826,3.772220280456894,yfinance,2026-05-28T15:11:08Z
2026-05-28,VEEV,Veeva Systems,2.0,0.1251407776463619,USD,163.31500244140625,1.0,163.31500244140625,2026-05-28,20.43736640683508,20.0,0.437366406835082,2.18683203417541,yfinance,2026-05-28T15:11:08Z
2026-05-28,VRT,Vertiv,5.0,0.1522672617580549,USD,312.5350036621094,1.0,312.5350036621094,2026-05-28,47.588849211173056,50.0,-2.4111507888269443,-4.822301577653889,yfinance,2026-05-28T15:11:08Z
2026-05-29,000660.KS,SK Hynix,8.0,0.0625538166478737,KRW,2289000.0,0.0006652562994907,1522.771669534258,2026-05-28,95.25517981262252,80.0,15.255179812622517,19.068974765778144,yfinance,2026-05-29T15:08:25Z
2026-05-29,AVGO,Broadcom,10.0,0.2417444256507892,USD,440.9498901367188,1.0,440.9498901367188,2026-05-29,106.59717793187968,100.0,6.597177931879685,6.597177931879685,yfinance,2026-05-29T15:08:25Z
2026-05-29,CASH,Cash,10.0,100.0,USD,1.0,1.0,1.0,2026-05-29,100.0,100.0,0.0,0.0,cash,2026-05-29T15:08:25Z
2026-05-29,CEG,Constellation Energy,5.0,0.1687260186663456,USD,287.75,1.0,287.75,2026-05-29,48.55091187124096,50.0,-1.449088128759037,-2.898176257518074,yfinance,2026-05-29T15:08:25Z
2026-05-29,GOOGL,Alphabet,15.0,0.3891454452478011,USD,383.2799987792969,1.0,383.2799987792969,2026-05-29,149.15166577954616,150.0,-0.848334220453836,-0.565556146969224,yfinance,2026-05-29T15:08:25Z
2026-05-29,MCO,Moody's,2.0,0.0444681598313336,USD,454.9299926757813,1.0,454.9299926757813,2026-05-29,20.22989962637409,20.0,0.2298996263740917,1.149498131870459,yfinance,2026-05-29T15:08:25Z
2026-05-29,MSCI,MSCI,2.0,0.0339052007771873,USD,634.719970703125,1.0,634.719970703125,2026-05-29,21.52030804397992,20.0,1.520308043979913,7.601540219899565,yfinance,2026-05-29T15:08:25Z
2026-05-29,MSFT,Microsoft,18.0,0.4293689203419845,USD,444.75,1.0,444.75,2026-05-29,190.9618273220976,180.0,10.961827322097603,6.089904067832003,yfinance,2026-05-29T15:08:25Z
2026-05-29,NVDA,NVIDIA,7.0,0.323166358553396,USD,215.8800048828125,1.0,215.8800048828125,2026-05-29,69.76515506246787,70.0,-0.2348449375321308,-0.3354927679030441,yfinance,2026-05-29T15:08:25Z
2026-05-29,SPGI,S&P Global,2.0,0.047848035759865,USD,423.322509765625,1.0,423.322509765625,2026-05-29,20.25515058522143,20.0,0.2551505852214291,1.2757529261071454,yfinance,2026-05-29T15:08:25Z
2026-05-29,TER,Teradyne,7.0,0.1958589848780872,USD,369.7999877929688,1.0,369.7999877929688,2026-05-29,72.42865021705991,70.0,2.4286502170599107,3.4695003100855866,yfinance,2026-05-29T15:08:25Z
2026-05-29,TSM,TSMC,7.0,0.1719669363096472,USD,420.760009765625,1.0,420.760009765625,2026-05-29,72.35680980101178,70.0,2.356809801011778,3.36687114430254,yfinance,2026-05-29T15:08:25Z
2026-05-29,VEEV,Veeva Systems,2.0,0.1251407776463619,USD,171.1699981689453,1.0,171.1699981689453,2026-05-29,21.42034668058817,20.0,1.420346680588171,7.101733402940854,yfinance,2026-05-29T15:08:25Z
2026-05-29,VRT,Vertiv,5.0,0.1522672617580549,USD,312.9800109863281,1.0,312.9800109863281,2026-05-29,47.656609257894125,50.0,-2.343390742105875,-4.68678148421175,yfinance,2026-05-29T15:08:25Z
2026-05-30,000660.KS,SK Hynix,8.0,0.0625538166478737,KRW,2333000.0,0.0006635127671535,1547.9752857693277,2026-05-29,96.83176220145444,80.0,16.83176220145444,21.039702751818048,yfinance,2026-05-30T14:34:04Z
2026-05-30,AVGO,Broadcom,10.0,0.2417444256507892,USD,446.7699890136719,1.0,446.7699890136719,2026-05-29,108.00415439211952,100.0,8.004154392119531,8.004154392119531,yfinance,2026-05-30T14:34:04Z
2026-05-30,CASH,Cash,10.0,100.0,USD,1.0,1.0,1.0,2026-05-30,100.0,100.0,0.0,0.0,cash,2026-05-30T14:34:04Z
2026-05-30,CEG,Constellation Energy,5.0,0.1687260186663456,USD,287.75,1.0,287.75,2026-05-29,48.55091187124096,50.0,-1.449088128759037,-2.898176257518074,yfinance,2026-05-30T14:34:04Z
2026-05-30,GOOGL,Alphabet,15.0,0.3891454452478011,USD,380.3399963378906,1.0,380.3399963378906,2026-05-29,148.00757722045552,150.0,-1.9924227795444835,-1.3282818530296556,yfinance,2026-05-30T14:34:04Z
2026-05-30,MCO,Moody's,2.0,0.0444681598313336,USD,453.25,1.0,453.25,2026-05-29,20.155193443551983,20.0,0.1551934435519832,0.7759672177599164,yfinance,2026-05-30T14:34:04Z
2026-05-30,MSCI,MSCI,2.0,0.0339052007771873,USD,631.3800048828125,1.0,631.3800048828125,2026-05-29,21.40706583225328,20.0,1.4070658322532772,7.035329161266386,yfinance,2026-05-30T14:34:04Z
2026-05-30,MSFT,Microsoft,18.0,0.4293689203419845,USD,450.239990234375,1.0,450.239990234375,2026-05-29,193.31905850171924,180.0,13.31905850171924,7.399476945399577,yfinance,2026-05-30T14:34:04Z
2026-05-30,NVDA,NVIDIA,7.0,0.323166358553396,USD,211.13999938964844,1.0,211.13999938964844,2026-05-29,68.23334474771895,70.0,-1.7666552522810548,-2.523793217544364,yfinance,2026-05-30T14:34:04Z
2026-05-30,SPGI,S&P Global,2.0,0.047848035759865,USD,424.0,1.0,424.0,2026-05-29,20.287567162182764,20.0,0.2875671621827642,1.4378358109138212,yfinance,2026-05-30T14:34:04Z
2026-05-30,TER,Teradyne,7.0,0.1958589848780872,USD,374.30999755859375,1.0,374.30999755859375,2026-05-29,73.31197615154548,70.0,3.31197615154548,4.731394502207828,yfinance,2026-05-30T14:34:04Z
2026-05-30,TSM,TSMC,7.0,0.1719669363096472,USD,418.4500122070313,1.0,418.4500122070313,2026-05-29,71.95956659797766,70.0,1.9595665979776555,2.7993808542537937,yfinance,2026-05-30T14:34:04Z
2026-05-30,VEEV,Veeva Systems,2.0,0.1251407776463619,USD,174.33999633789062,1.0,174.33999633789062,2026-05-29,21.81704271658753,20.0,1.8170427165875296,9.085213582937648,yfinance,2026-05-30T14:34:04Z
2026-05-30,VRT,Vertiv,5.0,0.1522672617580549,USD,315.7099914550781,1.0,315.7099914550781,2026-05-29,48.07229590852366,50.0,-1.927704091476344,-3.855408182952687,yfinance,2026-05-30T14:34:04Z
2026-05-31,000660.KS,SK Hynix,8.0,0.0625538166478737,KRW,2333000.0,0.0006635127671535,1547.9752857693277,2026-05-29,96.83176220145444,80.0,16.83176220145444,21.039702751818048,yfinance,2026-05-31T14:34:38Z
2026-05-31,AVGO,Broadcom,10.0,0.2417444256507892,USD,446.7699890136719,1.0,446.7699890136719,2026-05-29,108.00415439211952,100.0,8.004154392119531,8.004154392119531,yfinance,2026-05-31T14:34:38Z
2026-05-31,CASH,Cash,10.0,100.0,USD,1.0,1.0,1.0,2026-05-31,100.0,100.0,0.0,0.0,cash,2026-05-31T14:34:38Z
2026-05-31,CEG,Constellation Energy,5.0,0.1687260186663456,USD,287.75,1.0,287.75,2026-05-29,48.55091187124096,50.0,-1.449088128759037,-2.898176257518074,yfinance,2026-05-31T14:34:38Z
2026-05-31,GOOGL,Alphabet,15.0,0.3891454452478011,USD,380.3399963378906,1.0,380.3399963378906,2026-05-29,148.00757722045552,150.0,-1.9924227795444835,-1.3282818530296556,yfinance,2026-05-31T14:34:38Z
2026-05-31,MCO,Moody's,2.0,0.0444681598313336,USD,453.25,1.0,453.25,2026-05-29,20.155193443551983,20.0,0.1551934435519832,0.7759672177599164,yfinance,2026-05-31T14:34:38Z
2026-05-31,MSCI,MSCI,2.0,0.0339052007771873,USD,631.3800048828125,1.0,631.3800048828125,2026-05-29,21.40706583225328,20.0,1.4070658322532772,7.035329161266386,yfinance,2026-05-31T14:34:38Z
2026-05-31,MSFT,Microsoft,18.0,0.4293689203419845,USD,450.239990234375,1.0,450.239990234375,2026-05-29,193.31905850171924,180.0,13.31905850171924,7.399476945399577,yfinance,2026-05-31T14:34:38Z
2026-05-31,NVDA,NVIDIA,7.0,0.323166358553396,USD,211.13999938964844,1.0,211.13999938964844,2026-05-29,68.23334474771895,70.0,-1.7666552522810548,-2.523793217544364,yfinance,2026-05-31T14:34:38Z
2026-05-31,SPGI,S&P Global,2.0,0.047848035759865,USD,424.0,1.0,424.0,2026-05-29,20.287567162182764,20.0,0.2875671621827642,1.4378358109138212,yfinance,2026-05-31T14:34:38Z
2026-05-31,TER,Teradyne,7.0,0.1958589848780872,USD,374.30999755859375,1.0,374.30999755859375,2026-05-29,73.31197615154548,70.0,3.31197615154548,4.731394502207828,yfinance,2026-05-31T14:34:38Z
2026-05-31,TSM,TSMC,7.0,0.1719669363096472,USD,418.4500122070313,1.0,418.4500122070313,2026-05-29,71.95956659797766,70.0,1.9595665979776555,2.7993808542537937,yfinance,2026-05-31T14:34:38Z
2026-05-31,VEEV,Veeva Systems,2.0,0.1251407776463619,USD,174.33999633789062,1.0,174.33999633789062,2026-05-29,21.81704271658753,20.0,1.8170427165875296,9.085213582937648,yfinance,2026-05-31T14:34:38Z
2026-05-31,VRT,Vertiv,5.0,0.1522672617580549,USD,315.7099914550781,1.0,315.7099914550781,2026-05-29,48.07229590852366,50.0,-1.927704091476344,-3.855408182952687,yfinance,2026-05-31T14:34:38Z
2026-06-01,000660.KS,SK Hynix,8.0,0.0625538166478737,KRW,2333000.0,0.0006614325327109,1543.1220988145649,2026-05-29,96.52817683452834,80.0,16.528176834528338,20.660221043160423,yfinance,2026-06-01T16:04:09Z
2026-06-01,AVGO,Broadcom,10.0,0.2417444256507892,USD,460.239990234375,1.0,460.239990234375,2026-06-01,111.26045210073384,100.0,11.26045210073383,11.26045210073383,yfinance,2026-06-01T16:04:09Z
2026-06-01,CASH,Cash,10.0,100.0,USD,1.0,1.0,1.0,2026-06-01,100.0,100.0,0.0,0.0,cash,2026-06-01T16:04:09Z
2026-06-01,CEG,Constellation Energy,5.0,0.1687260186663456,USD,270.0799865722656,1.0,270.0799865722656,2026-06-01,45.56952085579847,50.0,-4.430479144201527,-8.860958288403054,yfinance,2026-06-01T16:04:09Z
2026-06-01,GOOGL,Alphabet,15.0,0.3891454452478011,USD,375.5498962402344,1.0,375.5498962402344,2026-06-01,146.14353158517153,150.0,-3.85646841482847,-2.57097894321898,yfinance,2026-06-01T16:04:09Z
2026-06-01,MCO,Moody's,2.0,0.0444681598313336,USD,458.989990234375,1.0,458.989990234375,2026-06-01,20.410440246724463,20.0,0.4104402467244625,2.0522012336223128,yfinance,2026-06-01T16:04:09Z
2026-06-01,MSCI,MSCI,2.0,0.0339052007771873,USD,633.177978515625,1.0,633.177978515625,2026-06-01,21.46802648926588,20.0,1.468026489265874,7.34013244632937,yfinance,2026-06-01T16:04:09Z
2026-06-01,MSFT,Microsoft,18.0,0.4293689203419845,USD,460.7900085449219,1.0,460.7900085449219,2026-06-01,197.8489084733069,180.0,17.84890847330692,9.916060262948289,yfinance,2026-06-01T16:04:09Z
2026-06-01,NVDA,NVIDIA,7.0,0.323166358553396,USD,220.33999633789065,1.0,220.33999633789065,2026-06-01,71.20647426018473,70.0,1.2064742601847342,1.7235346574067631,yfinance,2026-06-01T16:04:09Z
2026-06-01,SPGI,S&P Global,2.0,0.047848035759865,USD,425.2900085449219,1.0,425.2900085449219,2026-06-01,20.34929153717072,20.0,0.3492915371707177,1.7464576858535883,yfinance,2026-06-01T16:04:09Z
2026-06-01,TER,Teradyne,7.0,0.1958589848780872,USD,367.2000122070313,1.0,367.2000122070313,2026-06-01,71.91942163809038,70.0,1.919421638090384,2.742030911557692,yfinance,2026-06-01T16:04:09Z
2026-06-01,TSM,TSMC,7.0,0.1719669363096472,USD,440.1099853515625,1.0,440.1099853515625,2026-06-01,75.68436582019193,70.0,5.684365820191928,8.120522600274182,yfinance,2026-06-01T16:04:09Z
2026-06-01,VEEV,Veeva Systems,2.0,0.1251407776463619,USD,191.6699981689453,1.0,191.6699981689453,2026-06-01,23.985732622338592,20.0,3.985732622338592,19.92866311169296,yfinance,2026-06-01T16:04:09Z
2026-06-01,VRT,Vertiv,5.0,0.1522672617580549,USD,319.3999938964844,1.0,319.3999938964844,2026-06-01,48.63416247615713,50.0,-1.3658375238428704,-2.7316750476857408,yfinance,2026-06-01T16:04:09Z
2026-06-02,000660.KS,SK Hynix,8.0,0.0625538166478737,KRW,2363000.0,0.0006593000827827,1557.926095615574,2026-06-01,97.45422333607438,80.0,17.454223336074378,21.81777917009297,yfinance,2026-06-02T15:27:24Z
2026-06-02,AVGO,Broadcom,10.0,0.2417444256507892,USD,482.010009765625,1.0,482.010009765625,2026-06-02,116.52323296872233,100.0,16.523232968722326,16.523232968722326,yfinance,2026-06-02T15:27:24Z
2026-06-02,CASH,Cash,10.0,100.0,USD,1.0,1.0,1.0,2026-06-02,100.0,100.0,0.0,0.0,cash,2026-06-02T15:27:24Z
2026-06-02,CEG,Constellation Energy,5.0,0.1687260186663456,USD,272.6000061035156,1.0,272.6000061035156,2026-06-02,45.99471371826772,50.0,-4.005286281732282,-8.010572563464564,yfinance,2026-06-02T15:27:24Z
2026-06-02,GOOGL,Alphabet,15.0,0.3891454452478011,USD,369.6099853515625,1.0,369.6099853515625,2026-06-02,143.83204231766706,150.0,-6.16795768233294,-4.111971788221959,yfinance,2026-06-02T15:27:24Z
2026-06-02,MCO,Moody's,2.0,0.0444681598313336,USD,450.5899963378906,1.0,450.5899963378906,2026-06-02,20.03690797555337,20.0,0.036907975553369,0.184539877766845,yfinance,2026-06-02T15:27:24Z
2026-06-02,MSCI,MSCI,2.0,0.0339052007771873,USD,629.719970703125,1.0,629.719970703125,2026-06-02,21.35078204009398,20.0,1.3507820400939785,6.7539102004698925,yfinance,2026-06-02T15:27:24Z
2026-06-02,MSFT,Microsoft,18.0,0.4293689203419845,USD,443.2298889160156,1.0,443.2298889160156,2026-06-02,190.3091388671673,180.0,10.309138867167349,5.727299370648527,yfinance,2026-06-02T15:27:24Z
2026-06-02,NVDA,NVIDIA,7.0,0.323166358553396,USD,225.7700042724609,1.0,225.7700042724609,2026-06-02,72.96127015131587,70.0,2.961270151315873,4.230385930451246,yfinance,2026-06-02T15:27:24Z
2026-06-02,SPGI,S&P Global,2.0,0.047848035759865,USD,415.7101135253906,1.0,415.7101135253906,2026-06-02,19.890912377700435,20.0,-0.1090876222995653,-0.5454381114978268,yfinance,2026-06-02T15:27:24Z
2026-06-02,TER,Teradyne,7.0,0.1958589848780872,USD,390.7550048828125,1.0,390.7550048828125,2026-06-02,76.53287859237967,70.0,6.532878592379674,9.332683703399534,yfinance,2026-06-02T15:27:24Z
2026-06-02,TSM,TSMC,7.0,0.1719669363096472,USD,444.25,1.0,444.25,2026-06-02,76.39631145556079,70.0,6.396311455560792,9.137587793658271,yfinance,2026-06-02T15:27:24Z
2026-06-02,VEEV,Veeva Systems,2.0,0.1251407776463619,USD,180.13999938964844,1.0,180.13999938964844,2026-06-02,22.542859608835776,20.0,2.5428596088357764,12.714298044178882,yfinance,2026-06-02T15:27:24Z
2026-06-02,VRT,Vertiv,5.0,0.1522672617580549,USD,337.3599853515625,1.0,337.3599853515625,2026-06-02,51.36888119621994,50.0,1.368881196219938,2.737762392439876,yfinance,2026-06-02T15:27:24Z
2026-06-03,000660.KS,SK Hynix,8.0,0.0625538166478737,KRW,2360000.0,0.0006550160903519,1545.837973230535,2026-06-02,96.6980651447836,80.0,16.698065144783598,20.872581430979498,yfinance,2026-06-03T15:37:10Z
2026-06-03,AVGO,Broadcom,10.0,0.2417444256507892,USD,488.1499938964844,1.0,488.1499938964844,2026-06-03,118.00753990594188,100.0,18.007539905941883,18.007539905941883,yfinance,2026-06-03T15:37:10Z
2026-06-03,CASH,Cash,10.0,100.0,USD,1.0,1.0,1.0,2026-06-03,100.0,100.0,0.0,0.0,cash,2026-06-03T15:37:10Z
2026-06-03,CEG,Constellation Energy,5.0,0.1687260186663456,USD,268.9599914550781,1.0,268.9599914550781,2026-06-03,45.38054853874968,50.0,-4.619451461250321,-9.238902922500642,yfinance,2026-06-03T15:37:10Z
2026-06-03,GOOGL,Alphabet,15.0,0.3891454452478011,USD,359.2200012207031,1.0,359.2200012207031,2026-06-03,139.7888273169462,150.0,-10.211172683053803,-6.807448455369203,yfinance,2026-06-03T15:37:10Z
2026-06-03,MCO,Moody's,2.0,0.0444681598313336,USD,444.9450073242188,1.0,444.9450073242188,2026-06-03,19.785885701847285,20.0,-0.2141142981527153,-1.0705714907635766,yfinance,2026-06-03T15:37:10Z
2026-06-03,MSCI,MSCI,2.0,0.0339052007771873,USD,622.3400268554688,1.0,622.3400268554688,2026-06-03,21.100563562214823,20.0,1.100563562214823,5.502817811074117,yfinance,2026-06-03T15:37:10Z
2026-06-03,MSFT,Microsoft,18.0,0.4293689203419845,USD,426.9849853515625,1.0,426.9849853515625,2026-06-03,183.33408216263845,180.0,3.3340821626384525,1.8522678681324736,yfinance,2026-06-03T15:37:10Z
2026-06-03,NVDA,NVIDIA,7.0,0.323166358553396,USD,216.40499877929688,1.0,216.40499877929688,2026-06-03,69.93481542825748,70.0,-0.0651845717425203,-0.093120816775029,yfinance,2026-06-03T15:37:10Z
2026-06-03,SPGI,S&P Global,2.0,0.047848035759865,USD,408.1400146484375,1.0,408.1400146484375,2026-06-03,19.528698015930267,20.0,-0.4713019840697328,-2.356509920348664,yfinance,2026-06-03T15:37:10Z
2026-06-03,TER,Teradyne,7.0,0.1958589848780872,USD,409.2300109863281,1.0,409.2300109863281,2026-06-03,80.15137453343071,70.0,10.151374533430712,14.50196361918673,yfinance,2026-06-03T15:37:10Z
2026-06-03,TSM,TSMC,7.0,0.1719669363096472,USD,441.4049987792969,1.0,441.4049987792969,2026-06-03,75.90706531183926,70.0,5.907065311839261,8.438664731198944,yfinance,2026-06-03T15:37:10Z
2026-06-03,VEEV,Veeva Systems,2.0,0.1251407776463619,USD,176.83999633789062,1.0,176.83999633789062,2026-06-03,22.129894660703435,20.0,2.1298946607034352,10.649473303517176,yfinance,2026-06-03T15:37:10Z
2026-06-03,VRT,Vertiv,5.0,0.1522672617580549,USD,338.55499267578125,1.0,338.55499267578125,2026-06-03,51.55084168925955,50.0,1.5508416892595491,3.1016833785190983,yfinance,2026-06-03T15:37:10Z
2026-06-04,000660.KS,SK Hynix,8.0,0.0625538166478737,KRW,2360000.0,0.0006527755831333,1540.5503761946004,2026-06-02,96.3673057692899,80.0,16.3673057692899,20.45913221161237,yfinance,2026-06-04T15:04:58Z
2026-06-04,AVGO,Broadcom,10.0,0.2417444256507892,USD,407.010009765625,1.0,407.010009765625,2026-06-04,98.39240104491311,100.0,-1.6075989550868712,-1.607598955086871,yfinance,2026-06-04T15:04:58Z
2026-06-04,CASH,Cash,10.0,100.0,USD,1.0,1.0,1.0,2026-06-04,100.0,100.0,0.0,0.0,cash,2026-06-04T15:04:58Z
2026-06-04,CEG,Constellation Energy,5.0,0.1687260186663456,USD,261.7650146484375,1.0,261.7650146484375,2026-06-04,44.16656874776851,50.0,-5.833431252231492,-11.666862504462983,yfinance,2026-06-04T15:04:58Z
2026-06-04,GOOGL,Alphabet,15.0,0.3891454452478011,USD,369.0,1.0,369.0,2026-06-04,143.5946692964386,150.0,-6.40533070356139,-4.270220469040926,yfinance,2026-06-04T15:04:58Z
2026-06-04,MCO,Moody's,2.0,0.0444681598313336,USD,456.0150146484375,1.0,456.0150146484375,2026-06-04,20.27814855687468,20.0,0.2781485568746795,1.3907427843733975,yfinance,2026-06-04T15:04:58Z
2026-06-04,MSCI,MSCI,2.0,0.0339052007771873,USD,622.9349975585938,1.0,622.9349975585938,2026-06-04,21.12073616336082,20.0,1.1207361633608208,5.603680816804104,yfinance,2026-06-04T15:04:58Z
2026-06-04,MSFT,Microsoft,18.0,0.4293689203419845,USD,430.260009765625,1.0,430.260009765625,2026-06-04,184.7402758593981,180.0,4.740275859398111,2.633486588554506,yfinance,2026-06-04T15:04:58Z
2026-06-04,NVDA,NVIDIA,7.0,0.323166358553396,USD,215.48699951171875,1.0,215.48699951171875,2026-06-04,69.63814894779958,70.0,-0.3618510522004214,-0.5169300745720307,yfinance,2026-06-04T15:04:58Z
2026-06-04,SPGI,S&P Global,2.0,0.047848035759865,USD,425.0,1.0,425.0,2026-06-04,20.335415197942627,20.0,0.335415197942627,1.6770759897131349,yfinance,2026-06-04T15:04:58Z
2026-06-04,TER,Teradyne,7.0,0.1958589848780872,USD,402.3699951171875,1.0,402.3699951171875,2026-06-04,78.80777878905326,70.0,8.807778789053259,12.58254112721894,yfinance,2026-06-04T15:04:58Z
2026-06-04,TSM,TSMC,7.0,0.1719669363096472,USD,442.885009765625,1.0,442.885009765625,2026-06-04,76.16157826686273,70.0,6.161578266862733,8.80225466694676,yfinance,2026-06-04T15:04:58Z
2026-06-04,VEEV,Veeva Systems,2.0,0.1251407776463619,USD,180.3099975585937,1.0,180.3099975585937,2026-06-04,22.56413331189605,20.0,2.5641333118960503,12.820666559480252,yfinance,2026-06-04T15:04:58Z
2026-06-04,VRT,Vertiv,5.0,0.1522672617580549,USD,314.1300048828125,1.0,314.1300048828125,2026-06-04,47.83171567955028,50.0,-2.1682843204497217,-4.336568640899444,yfinance,2026-06-04T15:04:58Z
2026-06-05,000660.KS,SK Hynix,8.0,0.0625538166478737,KRW,2298000.0,0.0006436041834271,1479.0024135156875,2026-06-04,92.51724579682303,80.0,12.517245796823032,15.646557246028792,yfinance,2026-06-05T15:03:33Z
2026-06-05,AVGO,Broadcom,10.0,0.2417444256507892,USD,399.4050903320313,1.0,399.4050903320313,2026-06-05,96.55395416431848,100.0,-3.4460458356815167,-3.4460458356815167,yfinance,2026-06-05T15:03:33Z
2026-06-05,CASH,Cash,10.0,100.0,USD,1.0,1.0,1.0,2026-06-05,100.0,100.0,0.0,0.0,cash,2026-06-05T15:03:33Z
2026-06-05,CEG,Constellation Energy,5.0,0.1687260186663456,USD,258.9599914550781,1.0,258.9599914550781,2026-06-05,43.69328835208622,50.0,-6.30671164791378,-12.61342329582756,yfinance,2026-06-05T15:03:33Z
2026-06-05,GOOGL,Alphabet,15.0,0.3891454452478011,USD,369.3985900878906,1.0,369.3985900878906,2026-06-05,143.74977881366218,150.0,-6.250221186337825,-4.166814124225217,yfinance,2026-06-05T15:03:33Z
2026-06-05,MCO,Moody's,2.0,0.0444681598313336,USD,450.989990234375,1.0,450.989990234375,2026-06-05,20.0546949680738,20.0,0.0546949680737931,0.2734748403689657,yfinance,2026-06-05T15:03:33Z
2026-06-05,MSCI,MSCI,2.0,0.0339052007771873,USD,615.5399780273438,1.0,615.5399780273438,2026-06-05,20.870006541402567,20.0,0.8700065414025673,4.350032707012836,yfinance,2026-06-05T15:03:33Z
2026-06-05,MSFT,Microsoft,18.0,0.4293689203419845,USD,422.1799926757813,1.0,422.1799926757813,2026-06-05,181.2709676451871,180.0,1.2709676451871132,0.706093136215063,yfinance,2026-06-05T15:03:33Z
2026-06-05,NVDA,NVIDIA,7.0,0.323166358553396,USD,210.2601013183593,1.0,210.2601013183593,2026-06-05,67.9489912921223,70.0,-2.051008707877699,-2.9300124398252843,yfinance,2026-06-05T15:03:33Z
2026-06-05,SPGI,S&P Global,2.0,0.047848035759865,USD,422.9049987792969,1.0,422.9049987792969,2026-06-05,20.235173504617464,20.0,0.2351735046174639,1.1758675230873197,yfinance,2026-06-05T15:03:33Z
2026-06-05,TER,Teradyne,7.0,0.1958589848780872,USD,382.8699951171875,1.0,382.8699951171875,2026-06-05,74.98852858393056,70.0,4.98852858393056,7.126469405615085,yfinance,2026-06-05T15:03:33Z
2026-06-05,TSM,TSMC,7.0,0.1719669363096472,USD,428.4299926757813,1.0,428.4299926757813,2026-06-05,73.6757932636187,70.0,3.6757932636187007,5.251133233741001,yfinance,2026-06-05T15:03:33Z
2026-06-05,VEEV,Veeva Systems,2.0,0.1251407776463619,USD,174.1699981689453,1.0,174.1699981689453,2026-06-05,21.795769013527256,20.0,1.7957690135272557,8.978845067636279,yfinance,2026-06-05T15:03:33Z
2026-06-05,VRT,Vertiv,5.0,0.1522672617580549,USD,312.6849975585937,1.0,312.6849975585937,2026-06-05,47.61168837107115,50.0,-2.388311628928846,-4.776623257857693,yfinance,2026-06-05T15:03:33Z
2026-06-06,000660.KS,SK Hynix,8.0,0.0625538166478737,KRW,2070000.0,0.0006415026698868,1327.9105266657043,2026-06-05,83.06587160982788,80.0,3.06587160982788,3.83233951228485,yfinance,2026-06-06T14:34:00Z
2026-06-06,AVGO,Broadcom,10.0,0.2417444256507892,USD,385.7300109863281,1.0,385.7300109863281,2026-06-05,93.24807996216252,100.0,-6.751920037837479,-6.751920037837479,yfinance,2026-06-06T14:34:00Z
2026-06-06,CASH,Cash,10.0,100.0,USD,1.0,1.0,1.0,2026-06-06,100.0,100.0,0.0,0.0,cash,2026-06-06T14:34:00Z
2026-06-06,CEG,Constellation Energy,5.0,0.1687260186663456,USD,254.8300018310547,1.0,254.8300018310547,2026-06-05,42.99645164569143,50.0,-7.00354835430857,-14.00709670861714,yfinance,2026-06-06T14:34:00Z
2026-06-06,GOOGL,Alphabet,15.0,0.3891454452478011,USD,368.5299987792969,1.0,368.5299987792969,2026-06-05,143.4117704621411,150.0,-6.5882295378588935,-4.392153025239262,yfinance,2026-06-06T14:34:00Z
2026-06-06,MCO,Moody's,2.0,0.0444681598313336,USD,451.3500061035156,1.0,451.3500061035156,2026-06-05,20.07070421128456,20.0,0.070704211284557,0.3535210564227853,yfinance,2026-06-06T14:34:00Z
2026-06-06,MSCI,MSCI,2.0,0.0339052007771873,USD,615.4600219726562,1.0,615.4600219726562,2026-06-05,20.86729561531504,20.0,0.8672956153150366,4.336478076575183,yfinance,2026-06-06T14:34:00Z
2026-06-06,MSFT,Microsoft,18.0,0.4293689203419845,USD,416.6700134277344,1.0,416.6700134277344,2026-06-05,178.9051538043465,180.0,-1.0948461956535027,-0.6082478864741682,yfinance,2026-06-06T14:34:00Z
2026-06-06,NVDA,NVIDIA,7.0,0.323166358553396,USD,205.1000061035156,1.0,205.1000061035156,2026-06-05,66.28142211175245,70.0,-3.718577888247552,-5.312254126067932,yfinance,2026-06-06T14:34:00Z
2026-06-06,SPGI,S&P Global,2.0,0.047848035759865,USD,424.4400024414063,1.0,424.4400024414063,2026-06-05,20.3086204147336,20.0,0.3086204147335962,1.5431020736679812,yfinance,2026-06-06T14:34:00Z
2026-06-06,TER,Teradyne,7.0,0.1958589848780872,USD,357.92999267578125,1.0,357.92999267578125,2026-06-05,70.1038050228997,70.0,0.1038050228997065,0.1482928898567235,yfinance,2026-06-06T14:34:00Z
2026-06-06,TSM,TSMC,7.0,0.1719669363096472,USD,415.1700134277344,1.0,415.1700134277344,2026-06-05,71.39551525680258,70.0,1.3955152568025824,1.9935932240036889,yfinance,2026-06-06T14:34:00Z
2026-06-06,VEEV,Veeva Systems,2.0,0.1251407776463619,USD,172.61000061035156,1.0,172.61000061035156,2026-06-05,21.60054970591841,20.0,1.6005497059184108,8.002748529592054,yfinance,2026-06-06T14:34:00Z
2026-06-06,VRT,Vertiv,5.0,0.1522672617580549,USD,300.510009765625,1.0,300.510009765625,2026-06-05,45.75783631789806,50.0,-4.242163682101939,-8.484327364203878,yfinance,2026-06-06T14:34:00Z
2026-06-07,000660.KS,SK Hynix,8.0,0.0625538166478737,KRW,2070000.0,0.0006415026698868,1327.9105266657043,2026-06-05,83.06587160982788,80.0,3.06587160982788,3.83233951228485,yfinance,2026-06-07T14:38:05Z
2026-06-07,AVGO,Broadcom,10.0,0.2417444256507892,USD,385.7300109863281,1.0,385.7300109863281,2026-06-05,93.24807996216252,100.0,-6.751920037837479,-6.751920037837479,yfinance,2026-06-07T14:38:05Z
2026-06-07,CASH,Cash,10.0,100.0,USD,1.0,1.0,1.0,2026-06-07,100.0,100.0,0.0,0.0,cash,2026-06-07T14:38:05Z
2026-06-07,CEG,Constellation Energy,5.0,0.1687260186663456,USD,254.8300018310547,1.0,254.8300018310547,2026-06-05,42.99645164569143,50.0,-7.00354835430857,-14.00709670861714,yfinance,2026-06-07T14:38:05Z
2026-06-07,GOOGL,Alphabet,15.0,0.3891454452478011,USD,368.5299987792969,1.0,368.5299987792969,2026-06-05,143.4117704621411,150.0,-6.5882295378588935,-4.392153025239262,yfinance,2026-06-07T14:38:05Z
2026-06-07,MCO,Moody's,2.0,0.0444681598313336,USD,451.3500061035156,1.0,451.3500061035156,2026-06-05,20.07070421128456,20.0,0.070704211284557,0.3535210564227853,yfinance,2026-06-07T14:38:05Z
2026-06-07,MSCI,MSCI,2.0,0.0339052007771873,USD,615.4600219726562,1.0,615.4600219726562,2026-06-05,20.86729561531504,20.0,0.8672956153150366,4.336478076575183,yfinance,2026-06-07T14:38:05Z
2026-06-07,MSFT,Microsoft,18.0,0.4293689203419845,USD,416.6700134277344,1.0,416.6700134277344,2026-06-05,178.9051538043465,180.0,-1.0948461956535027,-0.6082478864741682,yfinance,2026-06-07T14:38:05Z
2026-06-07,NVDA,NVIDIA,7.0,0.323166358553396,USD,205.1000061035156,1.0,205.1000061035156,2026-06-05,66.28142211175245,70.0,-3.718577888247552,-5.312254126067932,yfinance,2026-06-07T14:38:05Z
2026-06-07,SPGI,S&P Global,2.0,0.047848035759865,USD,424.4400024414063,1.0,424.4400024414063,2026-06-05,20.3086204147336,20.0,0.3086204147335962,1.5431020736679812,yfinance,2026-06-07T14:38:05Z
2026-06-07,TER,Teradyne,7.0,0.1958589848780872,USD,357.92999267578125,1.0,357.92999267578125,2026-06-05,70.1038050228997,70.0,0.1038050228997065,0.1482928898567235,yfinance,2026-06-07T14:38:05Z
2026-06-07,TSM,TSMC,7.0,0.1719669363096472,USD,415.1700134277344,1.0,415.1700134277344,2026-06-05,71.39551525680258,70.0,1.3955152568025824,1.9935932240036889,yfinance,2026-06-07T14:38:05Z
2026-06-07,VEEV,Veeva Systems,2.0,0.1251407776463619,USD,172.61000061035156,1.0,172.61000061035156,2026-06-05,21.60054970591841,20.0,1.6005497059184108,8.002748529592054,yfinance,2026-06-07T14:38:05Z
2026-06-07,VRT,Vertiv,5.0,0.1522672617580549,USD,300.510009765625,1.0,300.510009765625,2026-06-05,45.75783631789806,50.0,-4.242163682101939,-8.484327364203878,yfinance,2026-06-07T14:38:05Z
2026-06-08,000660.KS,SK Hynix,8.0,0.0625538166478737,KRW,2070000.0,0.0006546216391607,1355.0667930627687,2026-06-05,84.76459971887067,80.0,4.76459971887067,5.955749648588338,yfinance,2026-06-08T15:10:48Z
2026-06-08,AVGO,Broadcom,10.0,0.2417444256507892,USD,398.2850036621094,1.0,398.2850036621094,2026-06-08,96.28317945561912,100.0,-3.71682054438088,-3.7168205443808806,yfinance,2026-06-08T15:10:48Z
2026-06-08,CASH,Cash,10.0,100.0,USD,1.0,1.0,1.0,2026-06-08,100.0,100.0,0.0,0.0,cash,2026-06-08T15:10:48Z
2026-06-08,CEG,Constellation Energy,5.0,0.1687260186663456,USD,254.1849975585937,1.0,254.1849975585937,2026-06-08,42.88762264277632,50.0,-7.112377357223686,-14.224754714447371,yfinance,2026-06-08T15:10:48Z
2026-06-08,GOOGL,Alphabet,15.0,0.3891454452478011,USD,363.2200012207031,1.0,363.2200012207031,2026-06-08,141.3454090979374,150.0,-8.654590902062608,-5.769727268041739,yfinance,2026-06-08T15:10:48Z
2026-06-08,MCO,Moody's,2.0,0.0444681598313336,USD,449.9249877929688,1.0,449.9249877929688,2026-06-08,20.00733626928858,20.0,0.0073362692885794,0.0366813464428972,yfinance,2026-06-08T15:10:48Z
2026-06-08,MSCI,MSCI,2.0,0.0339052007771873,USD,611.1099853515625,1.0,611.1099853515625,2026-06-08,20.719806750288736,20.0,0.7198067502887362,3.599033751443681,yfinance,2026-06-08T15:10:48Z
2026-06-08,MSFT,Microsoft,18.0,0.4293689203419845,USD,412.7099914550781,1.0,412.7099914550781,2026-06-08,177.20484344541654,180.0,-2.795156554583457,-1.552864752546365,yfinance,2026-06-08T15:10:48Z
2026-06-08,NVDA,NVIDIA,7.0,0.323166358553396,USD,208.7550048828125,1.0,208.7550048828125,2026-06-08,67.46259475777492,70.0,-2.537405242225077,-3.6248646317501096,yfinance,2026-06-08T15:10:48Z
2026-06-08,SPGI,S&P Global,2.0,0.047848035759865,USD,422.7550048828125,1.0,422.7550048828125,2026-06-08,20.22799659129472,20.0,0.227996591294719,1.1399829564735953,yfinance,2026-06-08T15:10:48Z
2026-06-08,TER,Teradyne,7.0,0.1958589848780872,USD,378.5199890136719,1.0,378.5199890136719,2026-06-08,74.1365408042825,70.0,4.136540804282504,5.909344006117863,yfinance,2026-06-08T15:10:48Z
2026-06-08,TSM,TSMC,7.0,0.1719669363096472,USD,432.2749938964844,1.0,432.2749938964844,2026-06-08,74.33700634364988,70.0,4.337006343649875,6.19572334807125,yfinance,2026-06-08T15:10:48Z
2026-06-08,VEEV,Veeva Systems,2.0,0.1251407776463619,USD,168.93150329589844,1.0,168.93150329589844,2026-06-08,21.14021969141769,20.0,1.1402196914176912,5.701098457088456,yfinance,2026-06-08T15:10:48Z
2026-06-08,VRT,Vertiv,5.0,0.1522672617580549,USD,307.2749938964844,1.0,307.2749938964844,2026-06-08,46.78792192734071,50.0,-3.2120780726592884,-6.424156145318577,yfinance,2026-06-08T15:10:48Z
2026-06-09,000660.KS,SK Hynix,8.0,0.0625538166478737,KRW,1911000.0,0.000655213546668,1252.1130876826412,2026-06-08,78.32445250930296,80.0,-1.675547490697042,-2.0944343633713025,yfinance,2026-06-09T15:17:33Z
2026-06-09,AVGO,Broadcom,10.0,0.2417444256507892,USD,386.37799072265625,1.0,386.37799072265625,2026-06-09,93.40472545135452,100.0,-6.595274548645492,-6.595274548645492,yfinance,2026-06-09T15:17:33Z
2026-06-09,CASH,Cash,10.0,100.0,USD,1.0,1.0,1.0,2026-06-09,100.0,100.0,0.0,0.0,cash,2026-06-09T15:17:33Z
2026-06-09,CEG,Constellation Energy,5.0,0.1687260186663456,USD,250.0399932861328,1.0,250.0399932861328,2026-06-09,42.18825257452899,50.0,-7.811747425471012,-15.623494850942024,yfinance,2026-06-09T15:17:33Z
2026-06-09,GOOGL,Alphabet,15.0,0.3891454452478011,USD,362.9599914550781,1.0,362.9599914550781,2026-06-09,141.24422748192447,150.0,-8.755772518075531,-5.837181678717021,yfinance,2026-06-09T15:17:33Z
2026-06-09,MCO,Moody's,2.0,0.0444681598313336,USD,450.4700012207031,1.0,450.4700012207031,2026-06-09,20.031572013503297,20.0,0.0315720135032968,0.1578600675164843,yfinance,2026-06-09T15:17:33Z
2026-06-09,MSCI,MSCI,2.0,0.0339052007771873,USD,607.530029296875,1.0,607.530029296875,2026-06-09,20.598427621481047,20.0,0.5984276214810471,2.992138107405236,yfinance,2026-06-09T15:17:33Z
2026-06-09,MSFT,Microsoft,18.0,0.4293689203419845,USD,406.6050109863281,1.0,406.6050109863281,2026-06-09,174.58355457284046,180.0,-5.416445427159545,-3.0091363484219693,yfinance,2026-06-09T15:17:33Z
2026-06-09,NVDA,NVIDIA,7.0,0.323166358553396,USD,205.8600006103516,1.0,205.8600006103516,2026-06-09,66.5270267690472,70.0,-3.472973230952803,-4.961390329932576,yfinance,2026-06-09T15:17:33Z
2026-06-09,SPGI,S&P Global,2.0,0.047848035759865,USD,424.8550109863281,1.0,424.8550109863281,2026-06-09,20.32847775843167,20.0,0.3284777584316707,1.6423887921583538,yfinance,2026-06-09T15:17:33Z
2026-06-09,TER,Teradyne,7.0,0.1958589848780872,USD,374.3800048828125,1.0,374.3800048828125,2026-06-09,73.325687715001,70.0,3.325687715000996,4.750982450001422,yfinance,2026-06-09T15:17:33Z
2026-06-09,TSM,TSMC,7.0,0.1719669363096472,USD,426.3399963378906,1.0,426.3399963378906,2026-06-09,73.31638299649327,70.0,3.3163829964932745,4.737689994990392,yfinance,2026-06-09T15:17:33Z
2026-06-09,VEEV,Veeva Systems,2.0,0.1251407776463619,USD,169.22500610351562,1.0,169.22500610351562,2026-06-09,21.17694886100429,20.0,1.1769488610042949,5.884744305021474,yfinance,2026-06-09T15:17:33Z
2026-06-09,VRT,Vertiv,5.0,0.1522672617580549,USD,288.44000244140625,1.0,288.44000244140625,2026-06-09,43.9199693532396,50.0,-6.080030646760399,-12.160061293520798,yfinance,2026-06-09T15:17:33Z
2026-06-10,000660.KS,SK Hynix,8.0,0.0625538166478737,KRW,2215000.0,0.0006579034019195,1457.2560352518003,2026-06-09,91.15692683814852,80.0,11.156926838148522,13.946158547685652,yfinance,2026-06-10T15:07:54Z
2026-06-10,AVGO,Broadcom,10.0,0.2417444256507892,USD,373.5899963378906,1.0,373.5899963378906,2026-06-10,90.31329909358382,100.0,-9.686700906416178,-9.686700906416178,yfinance,2026-06-10T15:07:54Z
2026-06-10,CASH,Cash,10.0,100.0,USD,1.0,1.0,1.0,2026-06-10,100.0,100.0,0.0,0.0,cash,2026-06-10T15:07:54Z
2026-06-10,CEG,Constellation Energy,5.0,0.1687260186663456,USD,241.17999267578125,1.0,241.17999267578125,2026-06-10,40.69333994616297,50.0,-9.306660053837028,-18.613320107674056,yfinance,2026-06-10T15:07:54Z
2026-06-10,GOOGL,Alphabet,15.0,0.3891454452478011,USD,363.2000122070313,1.0,363.2000122070313,2026-06-10,141.337630464312,150.0,-8.662369535688015,-5.77491302379201,yfinance,2026-06-10T15:07:54Z
2026-06-10,MCO,Moody's,2.0,0.0444681598313336,USD,453.4299926757813,1.0,453.4299926757813,2026-06-10,20.163197386627093,20.0,0.1631973866270932,0.8159869331354662,yfinance,2026-06-10T15:07:54Z
2026-06-10,MSCI,MSCI,2.0,0.0339052007771873,USD,602.92431640625,1.0,602.92431640625,2026-06-10,20.442270001202328,20.0,0.4422700012023277,2.2113500060116387,yfinance,2026-06-10T15:07:54Z
2026-06-10,MSFT,Microsoft,18.0,0.4293689203419845,USD,402.760009765625,1.0,402.760009765625,2026-06-10,172.93263054999355,180.0,-7.067369450006453,-3.926316361114696,yfinance,2026-06-10T15:07:54Z
2026-06-10,NVDA,NVIDIA,7.0,0.323166358553396,USD,203.2400054931641,1.0,203.2400054931641,2026-06-10,65.68033248759804,70.0,-4.3196675124019634,-6.170953589145662,yfinance,2026-06-10T15:07:54Z
2026-06-10,SPGI,S&P Global,2.0,0.047848035759865,USD,429.9200134277344,1.0,429.9200134277344,2026-06-10,20.57082817637188,20.0,0.5708281763718794,2.854140881859397,yfinance,2026-06-10T15:07:54Z
2026-06-10,TER,Teradyne,7.0,0.1958589848780872,USD,353.45001220703125,1.0,353.45001220703125,2026-06-10,69.22636059601668,70.0,-0.7736394039833243,-1.105199148547606,yfinance,2026-06-10T15:07:54Z
2026-06-10,TSM,TSMC,7.0,0.1719669363096472,USD,415.5899963378906,1.0,415.5899963378906,2026-06-10,71.46773843116456,70.0,1.4677384311645625,2.0967691873779466,yfinance,2026-06-10T15:07:54Z
2026-06-10,VEEV,Veeva Systems,2.0,0.1251407776463619,USD,166.64999389648438,1.0,166.64999389648438,2026-06-10,20.854709830967533,20.0,0.8547098309675327,4.273549154837664,yfinance,2026-06-10T15:07:54Z
2026-06-10,VRT,Vertiv,5.0,0.1522672617580549,USD,280.7149963378906,1.0,280.7149963378906,2026-06-10,42.743703826793016,50.0,-7.256296173206984,-14.512592346413966,yfinance,2026-06-10T15:07:54Z
2026-06-11,000660.KS,SK Hynix,8.0,0.0625538166478737,KRW,2048000.0,0.0006531124050936,1337.5742056317072,2026-06-10,83.67037161201114,80.0,3.670371612011138,4.5879645150139226,yfinance,2026-06-11T15:13:11Z
2026-06-11,AVGO,Broadcom,10.0,0.2417444256507892,USD,375.8200073242188,1.0,375.8200073242188,2026-06-11,90.85239181866866,100.0,-9.147608181331336,-9.147608181331336,yfinance,2026-06-11T15:13:11Z
2026-06-11,CASH,Cash,10.0,100.0,USD,1.0,1.0,1.0,2026-06-11,100.0,100.0,0.0,0.0,cash,2026-06-11T15:13:11Z
2026-06-11,CEG,Constellation Energy,5.0,0.1687260186663456,USD,247.3800048828125,1.0,247.3800048828125,2026-06-11,41.7394433215381,50.0,-8.260556678461903,-16.521113356923806,yfinance,2026-06-11T15:13:11Z
2026-06-11,GOOGL,Alphabet,15.0,0.3891454452478011,USD,347.90069580078125,1.0,347.90069580078125,2026-06-11,135.38397116941485,150.0,-14.616028830585153,-9.7440192203901,yfinance,2026-06-11T15:13:11Z
2026-06-11,MCO,Moody's,2.0,0.0444681598313336,USD,439.739990234375,1.0,439.739990234375,2026-06-11,19.55442816997129,20.0,-0.4455718300287081,-2.2278591501435407,yfinance,2026-06-11T15:13:11Z
2026-06-11,MSCI,MSCI,2.0,0.0339052007771873,USD,594.2479858398438,1.0,594.2479858398438,2026-06-11,20.14809727133908,20.0,0.1480972713390755,0.7404863566953779,yfinance,2026-06-11T15:13:11Z
2026-06-11,MSFT,Microsoft,18.0,0.4293689203419845,USD,388.6622009277344,1.0,388.6622009277344,2026-06-11,166.87946959008076,180.0,-13.12053040991924,-7.289183561066245,yfinance,2026-06-11T15:13:11Z
2026-06-11,NVDA,NVIDIA,7.0,0.323166358553396,USD,201.2198944091797,1.0,201.2198944091797,2026-06-11,65.02750054471345,70.0,-4.9724994552865525,-7.1035706504093605,yfinance,2026-06-11T15:13:11Z
2026-06-11,SPGI,S&P Global,2.0,0.047848035759865,USD,413.4049987792969,1.0,413.4049987792969,2026-06-11,19.780617164898747,20.0,-0.2193828351012534,-1.0969141755062672,yfinance,2026-06-11T15:13:11Z
2026-06-11,TER,Teradyne,7.0,0.1958589848780872,USD,364.6700134277344,1.0,364.6700134277344,2026-06-11,71.42389864543449,70.0,1.423898645434491,2.0341409220492728,yfinance,2026-06-11T15:13:11Z
2026-06-11,TSM,TSMC,7.0,0.1719669363096472,USD,413.5,1.0,413.5,2026-06-11,71.10832816403914,70.0,1.1083281640391365,1.5833259486273374,yfinance,2026-06-11T15:13:11Z
2026-06-11,VEEV,Veeva Systems,2.0,0.1251407776463619,USD,162.05499267578125,1.0,162.05499267578125,2026-06-11,20.27968780492276,20.0,0.2796878049227587,1.3984390246137934,yfinance,2026-06-11T15:13:11Z
2026-06-11,VRT,Vertiv,5.0,0.1522672617580549,USD,289.8900146484375,1.0,289.8900146484375,2026-06-11,44.14075874152,50.0,-5.859241258479997,-11.718482516959996,yfinance,2026-06-11T15:13:11Z
2026-06-12,000660.KS,SK Hynix,8.0,0.0625538166478737,KRW,2101000.0,0.0006594435381657,1385.4908736862144,2026-06-11,86.66774207986981,80.0,6.667742079869811,8.334677599837264,yfinance,2026-06-12T15:06:06Z
2026-06-12,AVGO,Broadcom,10.0,0.2417444256507892,USD,381.4750061035156,1.0,381.4750061035156,2026-06-12,92.21945625062573,100.0,-7.780543749374289,-7.780543749374289,yfinance,2026-06-12T15:06:06Z
2026-06-12,CASH,Cash,10.0,100.0,USD,1.0,1.0,1.0,2026-06-12,100.0,100.0,0.0,0.0,cash,2026-06-12T15:06:06Z
2026-06-12,CEG,Constellation Energy,5.0,0.1687260186663456,USD,249.4199981689453,1.0,249.4199981689453,2026-06-12,42.08364326681337,50.0,-7.916356733186632,-15.832713466373264,yfinance,2026-06-12T15:06:06Z
2026-06-12,GOOGL,Alphabet,15.0,0.3891454452478011,USD,362.8450012207031,1.0,362.8450012207031,2026-06-12,141.19947955596948,150.0,-8.800520444030525,-5.867013629353683,yfinance,2026-06-12T15:06:06Z
2026-06-12,MCO,Moody's,2.0,0.0444681598313336,USD,446.1600036621094,1.0,446.1600036621094,2026-06-12,19.83991435319509,20.0,-0.1600856468049087,-0.8004282340245439,yfinance,2026-06-12T15:06:06Z
2026-06-12,MSCI,MSCI,2.0,0.0339052007771873,USD,596.6849975585938,1.0,596.6849975585938,2026-06-12,20.23072464295965,20.0,0.2307246429596539,1.1536232147982697,yfinance,2026-06-12T15:06:06Z
2026-06-12,MSFT,Microsoft,18.0,0.4293689203419845,USD,388.5499877929688,1.0,388.5499877929688,2026-06-12,166.83128875755824,180.0,-13.16871124244176,-7.3159506902454225,yfinance,2026-06-12T15:06:06Z
2026-06-12,NVDA,NVIDIA,7.0,0.323166358553396,USD,205.57000732421875,1.0,205.57000732421875,2026-06-12,66.43331069476272,70.0,-3.566689305237276,-5.095270436053251,yfinance,2026-06-12T15:06:06Z
2026-06-12,SPGI,S&P Global,2.0,0.047848035759865,USD,417.4841918945313,1.0,417.4841918945313,2026-06-12,19.97579854294788,20.0,-0.024201457052122,-0.1210072852606103,yfinance,2026-06-12T15:06:06Z
2026-06-12,TER,Teradyne,7.0,0.1958589848780872,USD,401.6499938964844,1.0,401.6499938964844,2026-06-12,78.66676008085535,70.0,8.666760080855354,12.381085829793363,yfinance,2026-06-12T15:06:06Z
2026-06-12,TSM,TSMC,7.0,0.1719669363096472,USD,424.1300048828125,1.0,424.1300048828125,2026-06-12,72.93633753669299,70.0,2.9363375366929887,4.1947679095614125,yfinance,2026-06-12T15:06:06Z
2026-06-12,VEEV,Veeva Systems,2.0,0.1251407776463619,USD,158.74000549316406,1.0,158.74000549316406,2026-06-12,19.86484773100232,20.0,-0.1351522689976789,-0.6757613449883948,yfinance,2026-06-12T15:06:06Z
2026-06-12,VRT,Vertiv,5.0,0.1522672617580549,USD,299.2900085449219,1.0,299.2900085449219,2026-06-12,45.57207007268011,50.0,-4.427929927319887,-8.855859854639775,yfinance,2026-06-12T15:06:06Z
2026-06-13,000660.KS,SK Hynix,8.0,0.0625538166478737,KRW,2150000.0,0.0006588092617709,1416.439912807495,2026-06-12,88.60372259849026,80.0,8.603722598490265,10.754653248112833,yfinance,2026-06-13T14:45:57Z
2026-06-13,AVGO,Broadcom,10.0,0.2417444256507892,USD,382.0700073242188,1.0,382.0700073242188,2026-06-12,92.3632944789861,100.0,-7.636705521013894,-7.636705521013893,yfinance,2026-06-13T14:45:57Z
2026-06-13,CASH,Cash,10.0,100.0,USD,1.0,1.0,1.0,2026-06-13,100.0,100.0,0.0,0.0,cash,2026-06-13T14:45:57Z
2026-06-13,CEG,Constellation Energy,5.0,0.1687260186663456,USD,253.759994506836,1.0,253.759994506836,2026-06-12,42.81591356993217,50.0,-7.184086430067829,-14.368172860135658,yfinance,2026-06-13T14:45:57Z
2026-06-13,GOOGL,Alphabet,15.0,0.3891454452478011,USD,359.67999267578125,1.0,359.67999267578125,2026-06-12,139.96783089654275,150.0,-10.03216910345725,-6.688112735638166,yfinance,2026-06-13T14:45:57Z
2026-06-13,MCO,Moody's,2.0,0.0444681598313336,USD,447.8500061035156,1.0,447.8500061035156,2026-06-12,19.91506565187489,20.0,-0.0849343481251097,-0.4246717406255484,yfinance,2026-06-13T14:45:57Z
2026-06-13,MSCI,MSCI,2.0,0.0339052007771873,USD,599.1199951171875,1.0,599.1199951171875,2026-06-12,20.31328372407573,20.0,0.3132837240757347,1.5664186203786734,yfinance,2026-06-13T14:45:57Z
2026-06-13,MSFT,Microsoft,18.0,0.4293689203419845,USD,390.739990234375,1.0,390.739990234375,2026-06-12,167.77160774137116,180.0,-12.228392258628844,-6.793551254793802,yfinance,2026-06-13T14:45:57Z
2026-06-13,NVDA,NVIDIA,7.0,0.323166358553396,USD,205.19000244140625,1.0,205.19000244140625,2026-06-12,66.3105059005517,70.0,-3.689494099448297,-5.270705856354709,yfinance,2026-06-13T14:45:57Z
2026-06-13,SPGI,S&P Global,2.0,0.047848035759865,USD,418.9100036621094,1.0,418.9100036621094,2026-06-12,20.04402083538979,20.0,0.0440208353897908,0.2201041769489542,yfinance,2026-06-13T14:45:57Z
2026-06-13,TER,Teradyne,7.0,0.1958589848780872,USD,403.2000122070313,1.0,403.2000122070313,2026-06-12,78.97034509370152,70.0,8.970345093701525,12.814778705287894,yfinance,2026-06-13T14:45:57Z
2026-06-13,TSM,TSMC,7.0,0.1719669363096472,USD,423.9299926757813,1.0,423.9299926757813,2026-06-12,72.9019420502253,70.0,2.9019420502253013,4.145631500321859,yfinance,2026-06-13T14:45:57Z
2026-06-13,VEEV,Veeva Systems,2.0,0.1251407776463619,USD,159.5399932861328,1.0,159.5399932861328,2026-06-12,19.96495882552203,20.0,-0.0350411744779712,-0.1752058723898564,yfinance,2026-06-13T14:45:57Z
2026-06-13,VRT,Vertiv,5.0,0.1522672617580549,USD,302.8699951171875,1.0,302.8699951171875,2026-06-12,46.1171848251696,50.0,-3.882815174830398,-7.765630349660796,yfinance,2026-06-13T14:45:57Z
2026-06-14,000660.KS,SK Hynix,8.0,0.0625538166478737,KRW,2150000.0,0.0006588092617709,1416.439912807495,2026-06-12,88.60372259849026,80.0,8.603722598490265,10.754653248112833,yfinance,2026-06-14T14:48:10Z
2026-06-14,AVGO,Broadcom,10.0,0.2417444256507892,USD,382.0700073242188,1.0,382.0700073242188,2026-06-12,92.3632944789861,100.0,-7.636705521013894,-7.636705521013893,yfinance,2026-06-14T14:48:10Z
2026-06-14,CASH,Cash,10.0,100.0,USD,1.0,1.0,1.0,2026-06-14,100.0,100.0,0.0,0.0,cash,2026-06-14T14:48:10Z
2026-06-14,CEG,Constellation Energy,5.0,0.1687260186663456,USD,253.759994506836,1.0,253.759994506836,2026-06-12,42.81591356993217,50.0,-7.184086430067829,-14.368172860135658,yfinance,2026-06-14T14:48:10Z
2026-06-14,GOOGL,Alphabet,15.0,0.3891454452478011,USD,359.67999267578125,1.0,359.67999267578125,2026-06-12,139.96783089654275,150.0,-10.03216910345725,-6.688112735638166,yfinance,2026-06-14T14:48:10Z
2026-06-14,MCO,Moody's,2.0,0.0444681598313336,USD,447.8500061035156,1.0,447.8500061035156,2026-06-12,19.91506565187489,20.0,-0.0849343481251097,-0.4246717406255484,yfinance,2026-06-14T14:48:10Z
2026-06-14,MSCI,MSCI,2.0,0.0339052007771873,USD,599.1199951171875,1.0,599.1199951171875,2026-06-12,20.31328372407573,20.0,0.3132837240757347,1.5664186203786734,yfinance,2026-06-14T14:48:10Z
2026-06-14,MSFT,Microsoft,18.0,0.4293689203419845,USD,390.739990234375,1.0,390.739990234375,2026-06-12,167.77160774137116,180.0,-12.228392258628844,-6.793551254793802,yfinance,2026-06-14T14:48:10Z
2026-06-14,NVDA,NVIDIA,7.0,0.323166358553396,USD,205.19000244140625,1.0,205.19000244140625,2026-06-12,66.3105059005517,70.0,-3.689494099448297,-5.270705856354709,yfinance,2026-06-14T14:48:10Z
2026-06-14,SPGI,S&P Global,2.0,0.047848035759865,USD,418.9100036621094,1.0,418.9100036621094,2026-06-12,20.04402083538979,20.0,0.0440208353897908,0.2201041769489542,yfinance,2026-06-14T14:48:10Z
2026-06-14,TER,Teradyne,7.0,0.1958589848780872,USD,403.2000122070313,1.0,403.2000122070313,2026-06-12,78.97034509370152,70.0,8.970345093701525,12.814778705287894,yfinance,2026-06-14T14:48:10Z
2026-06-14,TSM,TSMC,7.0,0.1719669363096472,USD,423.9299926757813,1.0,423.9299926757813,2026-06-12,72.9019420502253,70.0,2.9019420502253013,4.145631500321859,yfinance,2026-06-14T14:48:10Z
2026-06-14,VEEV,Veeva Systems,2.0,0.1251407776463619,USD,159.5399932861328,1.0,159.5399932861328,2026-06-12,19.96495882552203,20.0,-0.0350411744779712,-0.1752058723898564,yfinance,2026-06-14T14:48:10Z
2026-06-14,VRT,Vertiv,5.0,0.1522672617580549,USD,302.8699951171875,1.0,302.8699951171875,2026-06-12,46.1171848251696,50.0,-3.882815174830398,-7.765630349660796,yfinance,2026-06-14T14:48:10Z
2026-06-15,000660.KS,SK Hynix,8.0,0.0625538166478737,KRW,2150000.0,0.0006600964827058,1419.2074378176142,2026-06-12,88.77684185054167,80.0,8.776841850541672,10.97105231317709,yfinance,2026-06-15T16:01:02Z
2026-06-15,AVGO,Broadcom,10.0,0.2417444256507892,USD,393.8349914550781,1.0,393.8349914550781,2026-06-15,95.20741381049136,100.0,-4.792586189508654,-4.792586189508654,yfinance,2026-06-15T16:01:02Z
2026-06-15,CASH,Cash,10.0,100.0,USD,1.0,1.0,1.0,2026-06-15,100.0,100.0,0.0,0.0,cash,2026-06-15T16:01:02Z
2026-06-15,CEG,Constellation Energy,5.0,0.1687260186663456,USD,264.0899963378906,1.0,264.0899963378906,2026-06-15,44.55885365170209,50.0,-5.441146348297913,-10.882292696595826,yfinance,2026-06-15T16:01:02Z
2026-06-15,GOOGL,Alphabet,15.0,0.3891454452478011,USD,372.5799865722656,1.0,372.5799865722656,2026-06-15,144.9878047650841,150.0,-5.012195234915907,-3.3414634899439384,yfinance,2026-06-15T16:01:02Z
2026-06-15,MCO,Moody's,2.0,0.0444681598313336,USD,459.2300109863281,1.0,459.2300109863281,2026-06-15,20.42111352788515,20.0,0.4211135278851508,2.105567639425754,yfinance,2026-06-15T16:01:02Z
2026-06-15,MSCI,MSCI,2.0,0.0339052007771873,USD,612.405029296875,1.0,612.405029296875,2026-06-15,20.76371547526984,20.0,0.7637154752698372,3.818577376349186,yfinance,2026-06-15T16:01:02Z
2026-06-15,MSFT,Microsoft,18.0,0.4293689203419845,USD,400.9750061035156,1.0,400.9750061035156,2026-06-15,172.16620545478713,180.0,-7.833794545212868,-4.352108080673816,yfinance,2026-06-15T16:01:02Z
2026-06-15,NVDA,NVIDIA,7.0,0.323166358553396,USD,212.5034942626953,1.0,212.5034942626953,2026-06-15,68.67398042074772,70.0,-1.326019579252275,-1.8943136846461075,yfinance,2026-06-15T16:01:02Z
2026-06-15,SPGI,S&P Global,2.0,0.047848035759865,USD,428.5950012207031,1.0,428.5950012207031,2026-06-15,20.50742894490759,20.0,0.5074289449075913,2.5371447245379564,yfinance,2026-06-15T16:01:02Z
2026-06-15,TER,Teradyne,7.0,0.1958589848780872,USD,428.6050109863281,1.0,428.6050109863281,2026-06-15,83.94614236544365,70.0,13.946142365443649,19.92306052206236,yfinance,2026-06-15T16:01:02Z
2026-06-15,TSM,TSMC,7.0,0.1719669363096472,USD,439.9200134277344,1.0,439.9200134277344,2026-06-15,75.65169693046636,70.0,5.651696930466358,8.073852757809082,yfinance,2026-06-15T16:01:02Z
2026-06-15,VEEV,Veeva Systems,2.0,0.1251407776463619,USD,165.2899932861328,1.0,165.2899932861328,2026-06-15,20.68451829698861,20.0,0.6845182969886103,3.422591484943052,yfinance,2026-06-15T16:01:02Z
2026-06-15,VRT,Vertiv,5.0,0.1522672617580549,USD,312.6499938964844,1.0,312.6499938964844,2026-06-15,47.606358459290256,50.0,-2.393641540709744,-4.787283081419488,yfinance,2026-06-15T16:01:02Z
2026-06-16,000660.KS,SK Hynix,8.0,0.0625538166478737,KRW,2288000.0,0.0006629013782069,1516.7183533374398,2026-06-15,94.87652178113514,80.0,14.87652178113514,18.595652226418924,yfinance,2026-06-16T15:42:43Z
2026-06-16,AVGO,Broadcom,10.0,0.2417444256507892,USD,380.0,1.0,380.0,2026-06-16,91.86288174729992,100.0,-8.137118252700091,-8.137118252700091,yfinance,2026-06-16T15:42:43Z
2026-06-16,CASH,Cash,10.0,100.0,USD,1.0,1.0,1.0,2026-06-16,100.0,100.0,0.0,0.0,cash,2026-06-16T15:42:43Z
2026-06-16,CEG,Constellation Energy,5.0,0.1687260186663456,USD,269.125,1.0,269.125,2026-06-16,45.40838977358028,50.0,-4.591610226419725,-9.18322045283945,yfinance,2026-06-16T15:42:43Z
2026-06-16,GOOGL,Alphabet,15.0,0.3891454452478011,USD,374.8599853515625,1.0,374.8599853515625,2026-06-16,145.875055905218,150.0,-4.124944094781995,-2.7499627298546634,yfinance,2026-06-16T15:42:43Z
2026-06-16,MCO,Moody's,2.0,0.0444681598313336,USD,468.4450073242188,1.0,468.4450073242188,2026-06-16,20.830887457883627,20.0,0.8308874578836267,4.154437289418134,yfinance,2026-06-16T15:42:43Z
2026-06-16,MSCI,MSCI,2.0,0.0339052007771873,USD,610.4299926757812,1.0,610.4299926757812,2026-06-16,20.69675146208936,20.0,0.696751462089356,3.48375731044678,yfinance,2026-06-16T15:42:43Z
2026-06-16,MSFT,Microsoft,18.0,0.4293689203419845,USD,393.375,1.0,393.375,2026-06-16,168.90299903952814,180.0,-11.09700096047186,-6.165000533595478,yfinance,2026-06-16T15:42:43Z
2026-06-16,NVDA,NVIDIA,7.0,0.323166358553396,USD,209.13999938964844,1.0,209.13999938964844,2026-06-16,67.58701203061216,70.0,-2.412987969387842,-3.4471256705540605,yfinance,2026-06-16T15:42:43Z
2026-06-16,SPGI,S&P Global,2.0,0.047848035759865,USD,433.4100036621094,1.0,433.4100036621094,2026-06-16,20.73781735390784,20.0,0.7378173539078325,3.689086769539162,yfinance,2026-06-16T15:42:43Z
2026-06-16,TER,Teradyne,7.0,0.1958589848780872,USD,419.0400085449219,1.0,419.0400085449219,2026-06-16,82.0727506969134,70.0,12.072750696913404,17.24678670987629,yfinance,2026-06-16T15:42:43Z
2026-06-16,TSM,TSMC,7.0,0.1719669363096472,USD,429.5,1.0,429.5,2026-06-16,73.85979914499349,70.0,3.859799144993488,5.513998778562126,yfinance,2026-06-16T15:42:43Z
2026-06-16,VEEV,Veeva Systems,2.0,0.1251407776463619,USD,161.11000061035156,1.0,161.11000061035156,2026-06-16,20.161430762985248,20.0,0.1614307629852476,0.807153814926238,yfinance,2026-06-16T15:42:43Z
2026-06-16,VRT,Vertiv,5.0,0.1522672617580549,USD,306.6600036621094,1.0,306.6600036621094,2026-06-16,46.69427904834448,50.0,-3.305720951655516,-6.611441903311032,yfinance,2026-06-16T15:42:43Z
2026-06-17,000660.KS,SK Hynix,8.0,0.0625538166478737,KRW,2382000.0,0.000659682822373,1571.3644828926576,2026-06-16,98.2948457498482,80.0,18.2948457498482,22.86855718731024,yfinance,2026-06-17T15:07:31Z
2026-06-17,AVGO,Broadcom,10.0,0.2417444256507892,USD,396.6400146484375,1.0,396.6400146484375,2026-06-17,95.88551253130716,100.0,-4.114487468692843,-4.114487468692843,yfinance,2026-06-17T15:07:31Z
2026-06-17,CASH,Cash,10.0,100.0,USD,1.0,1.0,1.0,2026-06-17,100.0,100.0,0.0,0.0,cash,2026-06-17T15:07:31Z
2026-06-17,CEG,Constellation Energy,5.0,0.1687260186663456,USD,271.0299987792969,1.0,271.0299987792969,2026-06-17,45.729812633175285,50.0,-4.270187366824715,-8.54037473364943,yfinance,2026-06-17T15:07:31Z
2026-06-17,GOOGL,Alphabet,15.0,0.3891454452478011,USD,363.0700073242188,1.0,363.0700073242188,2026-06-17,141.28703965630552,150.0,-8.712960343694476,-5.808640229129651,yfinance,2026-06-17T15:07:31Z
2026-06-17,MCO,Moody's,2.0,0.0444681598313336,USD,468.4450073242188,1.0,468.4450073242188,2026-06-17,20.830887457883627,20.0,0.8308874578836267,4.154437289418134,yfinance,2026-06-17T15:07:31Z
2026-06-17,MSCI,MSCI,2.0,0.0339052007771873,USD,602.760009765625,1.0,602.760009765625,2026-06-17,20.436699151562912,20.0,0.4366991515629124,2.183495757814562,yfinance,2026-06-17T15:07:31Z
2026-06-17,MSFT,Microsoft,18.0,0.4293689203419845,USD,386.1300048828125,1.0,386.1300048828125,2026-06-17,165.7922233081784,180.0,-14.207776691821609,-7.893209273234227,yfinance,2026-06-17T15:07:31Z
2026-06-17,NVDA,NVIDIA,7.0,0.323166358553396,USD,206.1699981689453,1.0,206.1699981689453,2026-06-17,66.62720755121839,70.0,-3.3727924487816097,-4.818274926830871,yfinance,2026-06-17T15:07:31Z
2026-06-17,SPGI,S&P Global,2.0,0.047848035759865,USD,429.6199951171875,1.0,429.6199951171875,2026-06-17,20.55647288952022,20.0,0.5564728895202187,2.7823644476010934,yfinance,2026-06-17T15:07:31Z
2026-06-17,TER,Teradyne,7.0,0.1958589848780872,USD,421.8299865722656,1.0,421.8299865722656,2026-06-17,82.61919296118111,70.0,12.619192961181112,18.02741851597301,yfinance,2026-06-17T15:07:31Z
2026-06-17,TSM,TSMC,7.0,0.1719669363096472,USD,435.9800109863281,1.0,435.9800109863281,2026-06-17,74.9741467815652,70.0,4.974146781565196,7.105923973664566,yfinance,2026-06-17T15:07:31Z
2026-06-17,VEEV,Veeva Systems,2.0,0.1251407776463619,USD,160.60000610351562,1.0,160.60000610351562,2026-06-17,20.097609653804422,20.0,0.0976096538044259,0.4880482690221299,yfinance,2026-06-17T15:07:31Z
2026-06-17,VRT,Vertiv,5.0,0.1522672617580549,USD,314.1700134277344,1.0,314.1700134277344,2026-06-17,47.83780767113246,50.0,-2.1621923288675404,-4.324384657735081,yfinance,2026-06-17T15:07:31Z
2026-06-18,000660.KS,SK Hynix,8.0,0.0625538166478737,KRW,2521000.0,0.000651516728877,1642.4736734989765,2026-06-17,102.74299702101456,80.0,22.74299702101456,28.428746276268203,yfinance,2026-06-18T15:07:04Z
2026-06-18,AVGO,Broadcom,10.0,0.2417444256507892,USD,410.0224914550781,1.0,410.0224914550781,2026-06-18,99.1206517007135,100.0,-0.8793482992865052,-0.8793482992865053,yfinance,2026-06-18T15:07:04Z
2026-06-18,CASH,Cash,10.0,100.0,USD,1.0,1.0,1.0,2026-06-18,100.0,100.0,0.0,0.0,cash,2026-06-18T15:07:04Z
2026-06-18,CEG,Constellation Energy,5.0,0.1687260186663456,USD,278.7149963378906,1.0,278.7149963378906,2026-06-18,47.02647167469739,50.0,-2.9735283253026097,-5.947056650605219,yfinance,2026-06-18T15:07:04Z
2026-06-18,GOOGL,Alphabet,15.0,0.3891454452478011,USD,363.8949890136719,1.0,363.8949890136719,2026-06-18,141.60807752316904,150.0,-8.391922476830956,-5.594614984553971,yfinance,2026-06-18T15:07:04Z
2026-06-18,MCO,Moody's,2.0,0.0444681598313336,USD,452.7900085449219,1.0,452.7900085449219,2026-06-18,20.13473847000652,20.0,0.1347384700065212,0.6736923500326064,yfinance,2026-06-18T15:07:04Z
2026-06-18,MSCI,MSCI,2.0,0.0339052007771873,USD,587.5,1.0,587.5,2026-06-18,19.91930545659756,20.0,-0.0806945434024442,-0.403472717012221,yfinance,2026-06-18T15:07:04Z
2026-06-18,MSFT,Microsoft,18.0,0.4293689203419845,USD,376.1499938964844,1.0,376.1499938964844,2026-06-18,161.50711676597754,180.0,-18.492883234022457,-10.273824018901363,yfinance,2026-06-18T15:07:04Z
2026-06-18,NVDA,NVIDIA,7.0,0.323166358553396,USD,209.6000061035156,1.0,209.6000061035156,2026-06-18,67.73567072524273,70.0,-2.264329274757273,-3.2347561067961044,yfinance,2026-06-18T15:07:04Z
2026-06-18,SPGI,S&P Global,2.0,0.047848035759865,USD,411.3008117675781,1.0,411.3008117675781,2026-06-18,19.679935949516583,20.0,-0.3200640504834169,-1.6003202524170848,yfinance,2026-06-18T15:07:04Z
2026-06-18,TER,Teradyne,7.0,0.1958589848780872,USD,434.2200012207031,1.0,434.2200012207031,2026-06-18,85.04588865284872,70.0,15.045888652848715,21.49412664692674,yfinance,2026-06-18T15:07:04Z
2026-06-18,TSM,TSMC,7.0,0.1719669363096472,USD,452.5,1.0,452.5,2026-06-18,77.81503868011538,70.0,7.815038680115379,11.164340971593395,yfinance,2026-06-18T15:07:04Z
2026-06-18,VEEV,Veeva Systems,2.0,0.1251407776463619,USD,153.3699951171875,1.0,153.3699951171875,2026-06-18,19.192840456583586,20.0,-0.807159543416418,-4.03579771708209,yfinance,2026-06-18T15:07:04Z
2026-06-18,VRT,Vertiv,5.0,0.1522672617580549,USD,335.4700012207031,1.0,335.4700012207031,2026-06-18,51.08109848784781,50.0,1.0810984878478038,2.162196975695608,yfinance,2026-06-18T15:07:04Z
2026-06-19,000660.KS,SK Hynix,8.0,0.0625538166478737,KRW,2685000.0,0.0006521838126576,1751.113536985796,2026-06-18,109.53883512221913,80.0,29.538835122219112,36.92354390277389,yfinance,2026-06-19T15:04:39Z
2026-06-19,AVGO,Broadcom,10.0,0.2417444256507892,USD,411.3500061035156,1.0,411.3500061035156,2026-06-18,99.44157096694305,100.0,-0.5584290330569672,-0.5584290330569672,yfinance,2026-06-19T15:04:39Z
2026-06-19,CASH,Cash,10.0,100.0,USD,1.0,1.0,1.0,2026-06-19,100.0,100.0,0.0,0.0,cash,2026-06-19T15:04:39Z
2026-06-19,CEG,Constellation Energy,5.0,0.1687260186663456,USD,274.0599975585937,1.0,274.0599975585937,2026-06-18,46.24105226376993,50.0,-3.75894773623007,-7.51789547246014,yfinance,2026-06-19T15:04:39Z
2026-06-19,GOOGL,Alphabet,15.0,0.3891454452478011,USD,368.0299987792969,1.0,368.0299987792969,2026-06-18,143.2171977395172,150.0,-6.782802260482811,-4.521868173655207,yfinance,2026-06-19T15:04:39Z
2026-06-19,MCO,Moody's,2.0,0.0444681598313336,USD,450.6700134277344,1.0,450.6700134277344,2026-06-18,20.04046618829378,20.0,0.0404661882937809,0.2023309414689045,yfinance,2026-06-19T15:04:39Z
2026-06-19,MSCI,MSCI,2.0,0.0339052007771873,USD,581.1900024414062,1.0,581.1900024414062,2026-06-18,19.70536372246988,20.0,-0.2946362775301239,-1.4731813876506197,yfinance,2026-06-19T15:04:39Z
2026-06-19,MSFT,Microsoft,18.0,0.4293689203419845,USD,379.3999938964844,1.0,379.3999938964844,2026-06-18,162.902565757089,180.0,-17.097434242910992,-9.498574579394996,yfinance,2026-06-19T15:04:39Z
2026-06-19,NVDA,NVIDIA,7.0,0.323166358553396,USD,210.69000244140625,1.0,210.69000244140625,2026-06-18,68.08792087259538,70.0,-1.912079127404624,-2.7315416105780344,yfinance,2026-06-19T15:04:39Z
2026-06-19,SPGI,S&P Global,2.0,0.047848035759865,USD,410.9200134277344,1.0,410.9200134277344,2026-06-18,19.661715496934445,20.0,-0.3382845030655552,-1.6914225153277764,yfinance,2026-06-19T15:04:39Z
2026-06-19,TER,Teradyne,7.0,0.1958589848780872,USD,437.9200134277344,1.0,437.9200134277344,2026-06-18,85.77056928775438,70.0,15.770569287754384,22.529384696791976,yfinance,2026-06-19T15:04:39Z
2026-06-19,TSM,TSMC,7.0,0.1719669363096472,USD,462.1199951171875,1.0,462.1199951171875,2026-06-18,79.46935976773187,70.0,9.469359767731872,13.527656811045532,yfinance,2026-06-19T15:04:39Z
2026-06-19,VEEV,Veeva Systems,2.0,0.1251407776463619,USD,153.3000030517578,1.0,153.3000030517578,2026-06-18,19.184081595086635,20.0,-0.815918404913365,-4.079592024566825,yfinance,2026-06-19T15:04:39Z
2026-06-19,VRT,Vertiv,5.0,0.1522672617580549,USD,333.04998779296875,1.0,333.04998779296875,2026-06-18,50.71260966978897,50.0,0.7126096697889679,1.4252193395779358,yfinance,2026-06-19T15:04:39Z
2026-06-20,000660.KS,SK Hynix,8.0,0.0625538166478737,KRW,2764000.0,0.0006536417588357,1806.665821421912,2026-06-19,113.01384253720644,80.0,33.01384253720643,41.26730317150803,yfinance,2026-06-20T14:48:01Z
2026-06-20,AVGO,Broadcom,10.0,0.2417444256507892,USD,411.3500061035156,1.0,411.3500061035156,2026-06-18,99.44157096694305,100.0,-0.5584290330569672,-0.5584290330569672,yfinance,2026-06-20T14:48:01Z
2026-06-20,CASH,Cash,10.0,100.0,USD,1.0,1.0,1.0,2026-06-20,100.0,100.0,0.0,0.0,cash,2026-06-20T14:48:01Z
2026-06-20,CEG,Constellation Energy,5.0,0.1687260186663456,USD,274.0599975585937,1.0,274.0599975585937,2026-06-18,46.24105226376993,50.0,-3.75894773623007,-7.51789547246014,yfinance,2026-06-20T14:48:01Z
2026-06-20,GOOGL,Alphabet,15.0,0.3891454452478011,USD,368.0299987792969,1.0,368.0299987792969,2026-06-18,143.2171977395172,150.0,-6.782802260482811,-4.521868173655207,yfinance,2026-06-20T14:48:01Z
2026-06-20,MCO,Moody's,2.0,0.0444681598313336,USD,450.6700134277344,1.0,450.6700134277344,2026-06-18,20.04046618829378,20.0,0.0404661882937809,0.2023309414689045,yfinance,2026-06-20T14:48:01Z
2026-06-20,MSCI,MSCI,2.0,0.0339052007771873,USD,581.1900024414062,1.0,581.1900024414062,2026-06-18,19.70536372246988,20.0,-0.2946362775301239,-1.4731813876506197,yfinance,2026-06-20T14:48:01Z
2026-06-20,MSFT,Microsoft,18.0,0.4293689203419845,USD,379.3999938964844,1.0,379.3999938964844,2026-06-18,162.902565757089,180.0,-17.097434242910992,-9.498574579394996,yfinance,2026-06-20T14:48:01Z
2026-06-20,NVDA,NVIDIA,7.0,0.323166358553396,USD,210.69000244140625,1.0,210.69000244140625,2026-06-18,68.08792087259538,70.0,-1.912079127404624,-2.7315416105780344,yfinance,2026-06-20T14:48:01Z
2026-06-20,SPGI,S&P Global,2.0,0.047848035759865,USD,418.0199890136719,1.0,418.0199890136719,2026-06-17,20.00143538266455,20.0,0.0014353826645496,0.0071769133227483,yfinance,2026-06-20T14:48:01Z
2026-06-20,TER,Teradyne,7.0,0.1958589848780872,USD,437.9200134277344,1.0,437.9200134277344,2026-06-18,85.77056928775438,70.0,15.770569287754384,22.529384696791976,yfinance,2026-06-20T14:48:01Z
2026-06-20,TSM,TSMC,7.0,0.1719669363096472,USD,462.1199951171875,1.0,462.1199951171875,2026-06-18,79.46935976773187,70.0,9.469359767731872,13.527656811045532,yfinance,2026-06-20T14:48:01Z
2026-06-20,VEEV,Veeva Systems,2.0,0.1251407776463619,USD,153.3000030517578,1.0,153.3000030517578,2026-06-18,19.184081595086635,20.0,-0.815918404913365,-4.079592024566825,yfinance,2026-06-20T14:48:01Z
2026-06-20,VRT,Vertiv,5.0,0.1522672617580549,USD,333.04998779296875,1.0,333.04998779296875,2026-06-18,50.71260966978897,50.0,0.7126096697889679,1.4252193395779358,yfinance,2026-06-20T14:48:01Z
2026-06-21,000660.KS,SK Hynix,8.0,0.0625538166478737,KRW,2764000.0,0.0006536417588357,1806.665821421912,2026-06-19,113.01384253720644,80.0,33.01384253720643,41.26730317150803,yfinance,2026-06-21T14:49:21Z
2026-06-21,AVGO,Broadcom,10.0,0.2417444256507892,USD,411.3500061035156,1.0,411.3500061035156,2026-06-18,99.44157096694305,100.0,-0.5584290330569672,-0.5584290330569672,yfinance,2026-06-21T14:49:21Z
2026-06-21,CASH,Cash,10.0,100.0,USD,1.0,1.0,1.0,2026-06-21,100.0,100.0,0.0,0.0,cash,2026-06-21T14:49:21Z
2026-06-21,CEG,Constellation Energy,5.0,0.1687260186663456,USD,274.0599975585937,1.0,274.0599975585937,2026-06-18,46.24105226376993,50.0,-3.75894773623007,-7.51789547246014,yfinance,2026-06-21T14:49:21Z
2026-06-21,GOOGL,Alphabet,15.0,0.3891454452478011,USD,368.0299987792969,1.0,368.0299987792969,2026-06-18,143.2171977395172,150.0,-6.782802260482811,-4.521868173655207,yfinance,2026-06-21T14:49:21Z
2026-06-21,MCO,Moody's,2.0,0.0444681598313336,USD,450.6700134277344,1.0,450.6700134277344,2026-06-18,20.04046618829378,20.0,0.0404661882937809,0.2023309414689045,yfinance,2026-06-21T14:49:21Z
2026-06-21,MSCI,MSCI,2.0,0.0339052007771873,USD,581.1900024414062,1.0,581.1900024414062,2026-06-18,19.70536372246988,20.0,-0.2946362775301239,-1.4731813876506197,yfinance,2026-06-21T14:49:21Z
2026-06-21,MSFT,Microsoft,18.0,0.4293689203419845,USD,379.3999938964844,1.0,379.3999938964844,2026-06-18,162.902565757089,180.0,-17.097434242910992,-9.498574579394996,yfinance,2026-06-21T14:49:21Z
2026-06-21,NVDA,NVIDIA,7.0,0.323166358553396,USD,210.69000244140625,1.0,210.69000244140625,2026-06-18,68.08792087259538,70.0,-1.912079127404624,-2.7315416105780344,yfinance,2026-06-21T14:49:21Z
2026-06-21,SPGI,S&P Global,2.0,0.047848035759865,USD,410.9200134277344,1.0,410.9200134277344,2026-06-18,19.661715496934445,20.0,-0.3382845030655552,-1.6914225153277764,yfinance,2026-06-21T14:49:21Z
2026-06-21,TER,Teradyne,7.0,0.1958589848780872,USD,437.9200134277344,1.0,437.9200134277344,2026-06-18,85.77056928775438,70.0,15.770569287754384,22.529384696791976,yfinance,2026-06-21T14:49:21Z
2026-06-21,TSM,TSMC,7.0,0.1719669363096472,USD,462.1199951171875,1.0,462.1199951171875,2026-06-18,79.46935976773187,70.0,9.469359767731872,13.527656811045532,yfinance,2026-06-21T14:49:21Z
2026-06-21,VEEV,Veeva Systems,2.0,0.1251407776463619,USD,153.3000030517578,1.0,153.3000030517578,2026-06-18,19.184081595086635,20.0,-0.815918404913365,-4.079592024566825,yfinance,2026-06-21T14:49:21Z
2026-06-21,VRT,Vertiv,5.0,0.1522672617580549,USD,333.04998779296875,1.0,333.04998779296875,2026-06-18,50.71260966978897,50.0,0.7126096697889679,1.4252193395779358,yfinance,2026-06-21T14:49:21Z
2026-06-22,000660.KS,SK Hynix,8.0,0.0625538166478737,KRW,2764000.0,0.0006506180871828,1798.3083929733248,2026-06-19,112.49105349038578,80.0,32.49105349038578,40.61381686298223,yfinance,2026-06-22T15:40:55Z
2026-06-22,AVGO,Broadcom,10.0,0.2417444256507892,USD,396.760009765625,1.0,396.760009765625,2026-06-22,95.91452068199254,100.0,-4.085479318007458,-4.085479318007458,yfinance,2026-06-22T15:40:55Z
2026-06-22,CASH,Cash,10.0,100.0,USD,1.0,1.0,1.0,2026-06-22,100.0,100.0,0.0,0.0,cash,2026-06-22T15:40:55Z
2026-06-22,CEG,Constellation Energy,5.0,0.1687260186663456,USD,274.5249938964844,1.0,274.5249938964844,2026-06-22,46.31950924455665,50.0,-3.6804907554433512,-7.3609815108867025,yfinance,2026-06-22T15:40:55Z
2026-06-22,GOOGL,Alphabet,15.0,0.3891454452478011,USD,346.6700134277344,1.0,346.6700134277344,2026-06-22,134.9050567293969,150.0,-15.094943270603096,-10.063295513735396,yfinance,2026-06-22T15:40:55Z
2026-06-22,MCO,Moody's,2.0,0.0444681598313336,USD,448.5499877929688,1.0,448.5499877929688,2026-06-22,19.946192549520497,20.0,-0.0538074504795034,-0.2690372523975171,yfinance,2026-06-22T15:40:55Z
2026-06-22,MSCI,MSCI,2.0,0.0339052007771873,USD,572.7949829101562,1.0,572.7949829101562,2026-06-22,19.420728899734435,20.0,-0.579271100265565,-2.8963555013278253,yfinance,2026-06-22T15:40:55Z
2026-06-22,MSFT,Microsoft,18.0,0.4293689203419845,USD,371.3355102539063,1.0,371.3355102539063,2026-06-22,159.43992712235965,180.0,-20.56007287764035,-11.422262709800195,yfinance,2026-06-22T15:40:55Z
2026-06-22,NVDA,NVIDIA,7.0,0.323166358553396,USD,210.72000122070312,1.0,210.72000122070312,2026-06-22,68.0976154688618,70.0,-1.902384531138196,-2.71769218734028,yfinance,2026-06-22T15:40:55Z
2026-06-22,SPGI,S&P Global,2.0,0.047848035759865,USD,405.9200134277344,1.0,405.9200134277344,2026-06-22,19.42247531813512,20.0,-0.5775246818648796,-2.887623409324398,yfinance,2026-06-22T15:40:55Z
2026-06-22,TER,Teradyne,7.0,0.1958589848780872,USD,447.1799926757813,1.0,447.1799926757813,2026-06-22,87.58421942326899,70.0,17.58421942326899,25.12031346181284,yfinance,2026-06-22T15:40:55Z
2026-06-22,TSM,TSMC,7.0,0.1719669363096472,USD,470.05999755859375,1.0,470.05999755859375,2026-06-22,80.83477766187163,70.0,10.834777661871628,15.478253802673752,yfinance,2026-06-22T15:40:55Z
2026-06-22,VEEV,Veeva Systems,2.0,0.1251407776463619,USD,152.13999938964844,1.0,152.13999938964844,2026-06-22,19.03891783473764,20.0,-0.9610821652623578,-4.805410826311789,yfinance,2026-06-22T15:40:55Z
2026-06-22,VRT,Vertiv,5.0,0.1522672617580549,USD,346.8099975585937,1.0,346.8099975585937,2026-06-22,52.80780867856478,50.0,2.8078086785647827,5.615617357129565,yfinance,2026-06-22T15:40:55Z
2026-06-23,000660.KS,SK Hynix,8.0,0.0625538166478737,KRW,2919000.0,0.0006523753046959,1904.283514407564,2026-06-22,119.1202018058193,80.0,39.120201805819306,48.90025225727413,yfinance,2026-06-23T15:03:30Z
2026-06-23,AVGO,Broadcom,10.0,0.2417444256507892,USD,382.2560119628906,1.0,382.2560119628906,2026-06-23,92.40826006353022,100.0,-7.591739936469779,-7.591739936469779,yfinance,2026-06-23T15:03:30Z
2026-06-23,CASH,Cash,10.0,100.0,USD,1.0,1.0,1.0,2026-06-23,100.0,100.0,0.0,0.0,cash,2026-06-23T15:03:30Z
2026-06-23,CEG,Constellation Energy,5.0,0.1687260186663456,USD,274.4599914550781,1.0,274.4599914550781,2026-06-23,46.30854164141458,50.0,-3.6914583585854217,-7.382916717170844,yfinance,2026-06-23T15:03:30Z
2026-06-23,GOOGL,Alphabet,15.0,0.3891454452478011,USD,346.7099914550781,1.0,346.7099914550781,2026-06-23,134.92061399664772,150.0,-15.079386003352283,-10.052924002234857,yfinance,2026-06-23T15:03:30Z
2026-06-23,MCO,Moody's,2.0,0.0444681598313336,USD,447.6650085449219,1.0,447.6650085449219,2026-06-23,19.906839150870937,20.0,-0.0931608491290632,-0.4658042456453159,yfinance,2026-06-23T15:03:30Z
2026-06-23,MSCI,MSCI,2.0,0.0339052007771873,USD,586.9450073242188,1.0,586.9450073242188,2026-06-23,19.900488318495327,20.0,-0.0995116815046728,-0.4975584075233641,yfinance,2026-06-23T15:03:30Z
2026-06-23,MSFT,Microsoft,18.0,0.4293689203419845,USD,374.0499877929688,1.0,374.0499877929688,2026-06-23,160.60543941259948,180.0,-19.39456058740052,-10.774755881889178,yfinance,2026-06-23T15:03:30Z
2026-06-23,NVDA,NVIDIA,7.0,0.323166358553396,USD,201.9393005371093,1.0,201.9393005371093,2026-06-23,65.25998840339749,70.0,-4.740011596602514,-6.771445138003592,yfinance,2026-06-23T15:03:30Z
2026-06-23,SPGI,S&P Global,2.0,0.047848035759865,USD,403.864990234375,1.0,403.864990234375,2026-06-23,19.324146494891902,20.0,-0.675853505108094,-3.3792675255404707,yfinance,2026-06-23T15:03:30Z
2026-06-23,TER,Teradyne,7.0,0.1958589848780872,USD,415.2200012207031,1.0,415.2200012207031,2026-06-23,81.32456794016505,70.0,11.324567940165052,16.177954200235792,yfinance,2026-06-23T15:03:30Z
2026-06-23,TSM,TSMC,7.0,0.1719669363096472,USD,441.7950134277344,1.0,441.7950134277344,2026-06-23,75.97413493604694,70.0,5.974134936046937,8.534478480067055,yfinance,2026-06-23T15:03:30Z
2026-06-23,VEEV,Veeva Systems,2.0,0.1251407776463619,USD,158.83999633789062,1.0,158.83999633789062,2026-06-23,19.87736066306892,20.0,-0.1226393369310798,-0.6131966846553993,yfinance,2026-06-23T15:03:30Z
2026-06-23,VRT,Vertiv,5.0,0.1522672617580549,USD,324.0299987792969,1.0,324.0299987792969,2026-06-23,49.33916064158941,50.0,-0.6608393584105912,-1.3216787168211823,yfinance,2026-06-23T15:03:30Z
2026-06-24,000660.KS,SK Hynix,8.0,0.0625538166478737,KRW,2580000.0,0.0006482646141452,1672.5227044947635,2026-06-24,104.62267859637132,80.0,24.62267859637132,30.778348245464144,yfinance,2026-06-24T14:59:05Z
2026-06-24,AVGO,Broadcom,10.0,0.2417444256507892,USD,384.3999938964844,1.0,384.3999938964844,2026-06-24,92.9265557446725,100.0,-7.073444255327502,-7.073444255327502,yfinance,2026-06-24T14:59:05Z
2026-06-24,CASH,Cash,10.0,100.0,USD,1.0,1.0,1.0,2026-06-24,100.0,100.0,0.0,0.0,cash,2026-06-24T14:59:05Z
2026-06-24,CEG,Constellation Energy,5.0,0.1687260186663456,USD,271.7049865722656,1.0,271.7049865722656,2026-06-24,45.84370063613128,50.0,-4.156299363868719,-8.312598727737438,yfinance,2026-06-24T14:59:05Z
2026-06-24,GOOGL,Alphabet,15.0,0.3891454452478011,USD,353.0,1.0,353.0,2026-06-24,137.3683421724738,150.0,-12.631657827526196,-8.421105218350798,yfinance,2026-06-24T14:59:05Z
2026-06-24,MCO,Moody's,2.0,0.0444681598313336,USD,451.114990234375,1.0,451.114990234375,2026-06-24,20.060253488052712,20.0,0.0602534880527123,0.3012674402635618,yfinance,2026-06-24T14:59:05Z
2026-06-24,MSCI,MSCI,2.0,0.0339052007771873,USD,585.0750122070312,1.0,585.0750122070312,2026-06-24,19.837085758594725,20.0,-0.1629142414052751,-0.8145712070263756,yfinance,2026-06-24T14:59:05Z
2026-06-24,MSFT,Microsoft,18.0,0.4293689203419845,USD,375.3299865722656,1.0,375.3299865722656,2026-06-24,161.15503110650522,180.0,-18.84496889349478,-10.469427163052655,yfinance,2026-06-24T14:59:05Z
2026-06-24,NVDA,NVIDIA,7.0,0.323166358553396,USD,201.19290161132807,1.0,201.19290161132807,2026-06-24,65.0187773805246,70.0,-4.981222619475403,-7.11603231353629,yfinance,2026-06-24T14:59:05Z
2026-06-24,SPGI,S&P Global,2.0,0.047848035759865,USD,401.0150146484375,1.0,401.0150146484375,2026-06-24,19.187780761141227,20.0,-0.8122192388587735,-4.061096194293867,yfinance,2026-06-24T14:59:05Z
2026-06-24,TER,Teradyne,7.0,0.1958589848780872,USD,432.3829956054688,1.0,432.3829956054688,2026-06-24,84.68609459783356,70.0,14.68609459783356,20.980135139762226,yfinance,2026-06-24T14:59:05Z
2026-06-24,TSM,TSMC,7.0,0.1719669363096472,USD,441.5799865722656,1.0,441.5799865722656,2026-06-24,75.93715742648769,70.0,5.937157426487687,8.48165346641098,yfinance,2026-06-24T14:59:05Z
2026-06-24,VEEV,Veeva Systems,2.0,0.1251407776463619,USD,163.63999938964844,1.0,163.63999938964844,2026-06-24,20.478036777670805,20.0,0.4780367776708054,2.390183888354027,yfinance,2026-06-24T14:59:05Z
2026-06-24,VRT,Vertiv,5.0,0.1522672617580549,USD,322.20001220703125,1.0,322.20001220703125,2026-06-24,49.06051359717652,50.0,-0.9394864028234836,-1.8789728056469672,yfinance,2026-06-24T14:59:05Z
2026-06-25,000660.KS,SK Hynix,8.0,0.0625538166478737,KRW,2621000.0,0.0006494434146263,1702.1911897356229,2026-06-24,106.47855558234816,80.0,26.478555582348164,33.09819447793521,yfinance,2026-06-25T15:01:08Z
2026-06-25,AVGO,Broadcom,10.0,0.2417444256507892,USD,382.218505859375,1.0,382.218505859375,2026-06-25,92.39919317207745,100.0,-7.600806827922568,-7.600806827922568,yfinance,2026-06-25T15:01:08Z
2026-06-25,CASH,Cash,10.0,100.0,USD,1.0,1.0,1.0,2026-06-25,100.0,100.0,0.0,0.0,cash,2026-06-25T15:01:08Z
2026-06-25,CEG,Constellation Energy,5.0,0.1687260186663456,USD,271.95001220703125,1.0,271.95001220703125,2026-06-25,45.88504283595648,50.0,-4.114957164043517,-8.229914328087034,yfinance,2026-06-25T15:01:08Z
2026-06-25,GOOGL,Alphabet,15.0,0.3891454452478011,USD,341.5700988769531,1.0,341.5700988769531,2026-06-25,132.9204482108074,150.0,-17.079551789192607,-11.386367859461735,yfinance,2026-06-25T15:01:08Z
2026-06-25,MCO,Moody's,2.0,0.0444681598313336,USD,452.7950134277344,1.0,452.7950134277344,2026-06-25,20.134961027935365,20.0,0.1349610279353648,0.674805139676824,yfinance,2026-06-25T15:01:08Z
2026-06-25,MSCI,MSCI,2.0,0.0339052007771873,USD,572.22998046875,1.0,572.22998046875,2026-06-25,19.40157237851896,20.0,-0.5984276214810471,-2.992138107405236,yfinance,2026-06-25T15:01:08Z
2026-06-25,MSFT,Microsoft,18.0,0.4293689203419845,USD,355.45001220703125,1.0,355.45001220703125,2026-06-25,152.6191879768782,180.0,-27.38081202312179,-15.21156223506766,yfinance,2026-06-25T15:01:08Z
2026-06-25,NVDA,NVIDIA,7.0,0.323166358553396,USD,195.68020629882807,1.0,195.68020629882807,2026-06-25,63.2372597105696,70.0,-6.762740289430404,-9.66105755632915,yfinance,2026-06-25T15:01:08Z
2026-06-25,SPGI,S&P Global,2.0,0.047848035759865,USD,407.1375122070313,1.0,407.1375122070313,2026-06-25,19.480730243264507,20.0,-0.5192697567354934,-2.596348783677467,yfinance,2026-06-25T15:01:08Z
2026-06-25,TER,Teradyne,7.0,0.1958589848780872,USD,453.4700012207031,1.0,453.4700012207031,2026-06-25,88.81617411175189,70.0,18.81617411175189,26.88024873107413,yfinance,2026-06-25T15:01:08Z
2026-06-25,TSM,TSMC,7.0,0.1719669363096472,USD,440.8800048828125,1.0,440.8800048828125,2026-06-25,75.81678371987958,70.0,5.816783719879581,8.309691028399403,yfinance,2026-06-25T15:01:08Z
2026-06-25,VEEV,Veeva Systems,2.0,0.1251407776463619,USD,159.77000427246094,1.0,159.77000427246094,2026-06-25,19.99374257921834,20.0,-0.0062574207816616,-0.0312871039083084,yfinance,2026-06-25T15:01:08Z
2026-06-25,VRT,Vertiv,5.0,0.1522672617580549,USD,330.42498779296875,1.0,330.42498779296875,2026-06-25,50.31290810767407,50.0,0.3129081076740689,0.6258162153481379,yfinance,2026-06-25T15:01:08Z
2026-06-26,000660.KS,SK Hynix,8.0,0.0625538166478737,KRW,2673000.0,0.0006512197531994,1740.7104003022068,2026-06-26,108.8880792175511,80.0,28.88807921755109,36.11009902193887,yfinance,2026-06-26T14:56:10Z
2026-06-26,AVGO,Broadcom,10.0,0.2417444256507892,USD,366.2900085449219,1.0,366.2900085449219,2026-06-26,88.54856773731483,100.0,-11.451432262685174,-11.451432262685174,yfinance,2026-06-26T14:56:10Z
2026-06-26,CASH,Cash,10.0,100.0,USD,1.0,1.0,1.0,2026-06-26,100.0,100.0,0.0,0.0,cash,2026-06-26T14:56:10Z
2026-06-26,CEG,Constellation Energy,5.0,0.1687260186663456,USD,264.510009765625,1.0,264.510009765625,2026-06-26,44.62972084515011,50.0,-5.370279154849889,-10.74055830969978,yfinance,2026-06-26T14:56:10Z
2026-06-26,GOOGL,Alphabet,15.0,0.3891454452478011,USD,340.3099975585937,1.0,340.3099975585937,2026-06-26,132.4300855222171,150.0,-17.569914477782902,-11.713276318521936,yfinance,2026-06-26T14:56:10Z
2026-06-26,MCO,Moody's,2.0,0.0444681598313336,USD,440.80999755859375,1.0,440.80999755859375,2026-06-26,19.60200942668535,20.0,-0.3979905733146509,-1.9899528665732544,yfinance,2026-06-26T14:56:10Z
2026-06-26,MSCI,MSCI,2.0,0.0339052007771873,USD,559.0499877929688,1.0,559.0499877929688,2026-06-26,18.954702080604733,20.0,-1.0452979193952672,-5.226489596976336,yfinance,2026-06-26T14:56:10Z
2026-06-26,MSFT,Microsoft,18.0,0.4293689203419845,USD,368.7699890136719,1.0,368.7699890136719,2026-06-26,158.33837203732577,180.0,-21.66162796267423,-12.03423775704124,yfinance,2026-06-26T14:56:10Z
2026-06-26,NVDA,NVIDIA,7.0,0.323166358553396,USD,193.09500122070312,1.0,193.09500122070312,2026-06-26,62.40180839935819,70.0,-7.598191600641812,-10.854559429488305,yfinance,2026-06-26T14:56:10Z
2026-06-26,SPGI,S&P Global,2.0,0.047848035759865,USD,401.9549865722656,1.0,401.9549865722656,2026-06-26,19.232756571365822,20.0,-0.767243428634174,-3.8362171431708703,yfinance,2026-06-26T14:56:10Z
2026-06-26,TER,Teradyne,7.0,0.1958589848780872,USD,424.6310119628906,1.0,424.6310119628906,2026-06-26,83.16779895080667,70.0,13.16779895080667,18.811141358295245,yfinance,2026-06-26T14:56:10Z
2026-06-26,TSM,TSMC,7.0,0.1719669363096472,USD,423.6000061035156,1.0,423.6000061035156,2026-06-26,72.84519527036946,70.0,2.8451952703694587,4.0645646719563695,yfinance,2026-06-26T14:56:10Z
2026-06-26,VEEV,Veeva Systems,2.0,0.1251407776463619,USD,166.44500732421875,1.0,166.44500732421875,2026-06-26,20.82905765190715,20.0,0.8290576519071493,4.1452882595357465,yfinance,2026-06-26T14:56:10Z
2026-06-26,VRT,Vertiv,5.0,0.1522672617580549,USD,303.00201416015625,1.0,303.00201416015625,2026-06-26,46.13728700334237,50.0,-3.862712996657628,-7.7254259933152545,yfinance,2026-06-26T14:56:10Z
2026-06-27,000660.KS,SK Hynix,8.0,0.06255381664787371,KRW,2673000.0,0.0006514657980456026,1741.3680781758958,2026-06-26,108.9292194786752,80.0,28.929219478675193,36.161524348343995,yfinance,2026-06-27T14:33:48Z
2026-06-27,AVGO,Broadcom,10.0,0.24174442565078924,USD,378.9100036621094,1.0,378.9100036621094,2026-06-25,91.59938120863508,100.0,-8.40061879136492,-8.40061879136492,yfinance,2026-06-27T14:33:48Z
2026-06-27,CASH,Cash,10.0,100.0,USD,1.0,1.0,1.0,2026-06-27,100.0,100.0,0.0,0.0,cash,2026-06-27T14:33:48Z
2026-06-27,CEG,Constellation Energy,5.0,0.16872601866634565,USD,268.69000244140625,1.0,268.69000244140625,2026-06-25,45.33499436738917,50.0,-4.6650056326108285,-9.330011265221657,yfinance,2026-06-27T14:33:48Z
2026-06-27,GOOGL,Alphabet,15.0,0.38914544524780115,USD,343.7099914550781,1.0,343.7099914550781,2026-06-25,133.7531776609043,150.0,-16.2468223390957,-10.831214892730468,yfinance,2026-06-27T14:33:48Z
2026-06-27,MCO,Moody's,2.0,0.04446815983133366,USD,438.8500061035156,1.0,438.8500061035156,2026-06-25,19.514852213392885,20.0,-0.485147786607115,-2.425738933035575,yfinance,2026-06-27T14:33:48Z
2026-06-27,MSCI,MSCI,2.0,0.03390520077718733,USD,544.5599975585938,1.0,544.5599975585938,2026-06-25,18.463416052448764,20.0,-1.536583947551236,-7.682919737756181,yfinance,2026-06-27T14:33:48Z
2026-06-27,MSFT,Microsoft,18.0,0.4293689203419845,USD,352.8299865722656,1.0,352.8299865722656,2026-06-25,151.49423039881057,180.0,-28.505769601189428,-15.83653866732746,yfinance,2026-06-27T14:33:48Z
2026-06-27,NVDA,NVIDIA,7.0,0.32316635855339604,USD,195.74000549316406,1.0,195.74000549316406,2026-06-25,63.25658479844757,70.0,-6.7434152015524305,-9.633450287932044,yfinance,2026-06-27T14:33:48Z
2026-06-27,SPGI,S&P Global,2.0,0.04784803575986501,USD,395.1400146484375,1.0,395.1400146484375,2026-06-25,18.90667355105202,20.0,-1.0933264489479804,-5.466632244739902,yfinance,2026-06-27T14:33:48Z
2026-06-27,TER,Teradyne,7.0,0.19585898487808723,USD,471.9599914550781,1.0,471.9599914550781,2026-06-25,92.43760482946233,70.0,22.43760482946233,32.05372118494619,yfinance,2026-06-27T14:33:48Z
2026-06-27,TSM,TSMC,7.0,0.17196693630964724,USD,434.989990234375,1.0,434.989990234375,2026-06-25,74.80389594596885,70.0,4.803895945968847,6.862708494241209,yfinance,2026-06-27T14:33:48Z
2026-06-27,VEEV,Veeva Systems,2.0,0.12514077764636197,USD,158.0800018310547,1.0,158.0800018310547,2026-06-25,19.782254359476507,20.0,-0.21774564052349277,-1.0887282026174638,yfinance,2026-06-27T14:33:48Z
2026-06-27,VRT,Vertiv,5.0,0.1522672617580549,USD,325.57000732421875,1.0,325.57000732421875,2026-06-25,49.57365352580867,50.0,-0.42634647419132676,-0.8526929483826535,yfinance,2026-06-27T14:33:48Z
